origin,lead_h,n_alarm_h,n_true_over_h,pred_peak,true_peak,first_alarm_h,first_true_h
2022-05-25 09:00:00+00:00,24,39,17,64.26,75.78,6,30
2022-05-25 10:00:00+00:00,24,39,17,64.66,75.78,5,29
2022-05-25 11:00:00+00:00,24,38,17,65.1,75.78,4,28
2022-05-25 05:00:00+00:00,23,37,17,63.07,75.78,11,34
2022-05-25 06:00:00+00:00,23,37,17,63.38,75.78,10,33
2022-05-25 07:00:00+00:00,23,37,17,63.66,75.78,9,32
2022-05-25 08:00:00+00:00,23,38,17,63.95,75.78,8,31
2022-05-25 12:00:00+00:00,23,37,17,65.51,75.78,4,27
2022-05-25 13:00:00+00:00,23,38,17,65.71,75.78,3,26
2022-05-25 14:00:00+00:00,22,37,17,65.44,75.78,3,25
