origin,scenario,step_h,time,RH_pred,RH_pred_lin,RH_pred_tau90,RH_true,level,advice,level_raw,advice_raw,cut_62,cut_67,cut_75,T_out,RH_out,Q_m3h
2024-04-16 00:00:00+00:00,高湿事件,0,2024-04-16 00:00:00+00:00,33.239,28.356,32.052,24.753,0,正常开放,0,正常开放,62.661,66.228,71.291,14.88,13.09,860.0
2024-04-16 00:00:00+00:00,高湿事件,1,2024-04-16 01:00:00+00:00,32.212,26.483,30.747,21.517,0,正常开放,0,正常开放,62.304,65.963,70.933,17.56,9.71,860.0
2024-04-16 00:00:00+00:00,高湿事件,2,2024-04-16 02:00:00+00:00,31.106,24.634,29.377,19.916,0,正常开放,0,正常开放,62.096,66.15,70.859,21.41,7.54,860.0
2024-04-16 00:00:00+00:00,高湿事件,3,2024-04-16 03:00:00+00:00,30.099,23.023,28.135,19.289,0,正常开放,0,正常开放,61.827,65.999,70.205,24.01,6.57,860.0
2024-04-16 00:00:00+00:00,高湿事件,4,2024-04-16 04:00:00+00:00,29.391,21.852,27.24,18.517,0,正常开放,0,正常开放,61.439,65.986,69.923,25.95,5.8,860.0
2024-04-16 00:00:00+00:00,高湿事件,5,2024-04-16 05:00:00+00:00,29.169,21.299,26.889,17.772,0,正常开放,0,正常开放,61.358,66.096,69.268,27.38,5.22,860.0
2024-04-16 00:00:00+00:00,高湿事件,6,2024-04-16 06:00:00+00:00,29.569,21.502,27.218,17.223,0,正常开放,0,正常开放,61.289,65.796,68.499,28.19,4.87,860.0
2024-04-16 00:00:00+00:00,高湿事件,7,2024-04-16 07:00:00+00:00,30.644,22.511,28.276,17.107,0,正常开放,0,正常开放,61.364,65.164,67.893,28.39,4.81,860.0
2024-04-16 00:00:00+00:00,高湿事件,8,2024-04-16 08:00:00+00:00,32.335,24.265,29.984,17.219,0,正常开放,0,正常开放,61.173,64.487,67.693,28.18,4.91,860.0
2024-04-16 00:00:00+00:00,高湿事件,9,2024-04-16 09:00:00+00:00,34.455,26.56,32.148,17.637,0,正常开放,0,正常开放,61.106,63.982,67.518,27.41,5.24,860.0
2024-04-16 00:00:00+00:00,高湿事件,10,2024-04-16 10:00:00+00:00,36.728,29.03,34.467,27.594,0,正常开放,0,正常开放,60.821,64.04,67.041,26.05,5.87,131.0
2024-04-16 00:00:00+00:00,高湿事件,11,2024-04-16 11:00:00+00:00,38.872,31.296,36.633,29.976,0,正常开放,0,正常开放,60.786,63.803,66.188,23.42,7.14,131.0
2024-04-16 00:00:00+00:00,高湿事件,12,2024-04-16 12:00:00+00:00,40.632,33.048,38.38,31.459,0,正常开放,0,正常开放,60.775,63.792,66.113,19.33,9.47,131.0
2024-04-16 00:00:00+00:00,高湿事件,13,2024-04-16 13:00:00+00:00,41.893,34.219,39.606,32.305,0,正常开放,0,正常开放,60.719,63.833,66.398,17.32,11.01,131.0
2024-04-16 00:00:00+00:00,高湿事件,14,2024-04-16 14:00:00+00:00,42.681,34.92,40.357,32.84,0,正常开放,0,正常开放,60.454,63.55,66.165,15.38,12.54,131.0
2024-04-16 00:00:00+00:00,高湿事件,15,2024-04-16 15:00:00+00:00,43.12,35.322,40.774,32.901,0,正常开放,0,正常开放,60.381,63.242,65.858,14.02,13.27,131.0
2024-04-16 00:00:00+00:00,高湿事件,16,2024-04-16 16:00:00+00:00,43.353,35.555,41.004,32.551,0,正常开放,0,正常开放,60.341,63.34,66.423,14.04,12.68,131.0
2024-04-16 00:00:00+00:00,高湿事件,17,2024-04-16 17:00:00+00:00,43.518,35.711,41.17,32.293,0,正常开放,0,正常开放,60.1,63.248,66.379,14.02,12.45,131.0
2024-04-16 00:00:00+00:00,高湿事件,18,2024-04-16 18:00:00+00:00,43.714,35.826,41.351,32.14,0,正常开放,0,正常开放,59.895,63.098,66.563,12.92,13.02,131.0
2024-04-16 00:00:00+00:00,高湿事件,19,2024-04-16 19:00:00+00:00,43.984,35.886,41.57,31.919,0,正常开放,0,正常开放,59.591,62.941,66.546,12.37,13.12,131.0
2024-04-16 00:00:00+00:00,高湿事件,20,2024-04-16 20:00:00+00:00,44.308,35.834,41.796,31.538,0,正常开放,0,正常开放,59.355,62.719,66.633,13.24,12.05,131.0
2024-04-16 00:00:00+00:00,高湿事件,21,2024-04-16 21:00:00+00:00,44.615,35.566,41.942,31.4,0,正常开放,0,正常开放,59.069,62.46,66.482,13.58,11.79,131.0
2024-04-16 00:00:00+00:00,高湿事件,22,2024-04-16 22:00:00+00:00,44.777,34.97,41.892,31.554,0,正常开放,0,正常开放,58.872,62.35,66.488,12.41,12.83,131.0
2024-04-16 00:00:00+00:00,高湿事件,23,2024-04-16 23:00:00+00:00,44.648,33.935,41.504,31.788,0,正常开放,0,正常开放,58.538,62.277,66.569,11.57,13.78,131.0
2024-04-16 00:00:00+00:00,高湿事件,24,2024-04-17 00:00:00+00:00,44.116,32.474,40.709,23.786,0,正常开放,0,正常开放,58.25,62.283,66.739,12.65,13.76,860.0
2024-04-16 00:00:00+00:00,高湿事件,25,2024-04-17 01:00:00+00:00,43.181,30.72,39.539,21.811,0,正常开放,0,正常开放,57.961,61.867,66.913,14.77,11.21,860.0
2024-04-16 00:00:00+00:00,高湿事件,26,2024-04-17 02:00:00+00:00,41.979,28.915,38.158,21.2,0,正常开放,0,正常开放,57.658,61.548,67.077,16.99,9.88,860.0
2024-04-16 00:00:00+00:00,高湿事件,27,2024-04-17 03:00:00+00:00,40.702,27.288,36.772,20.692,0,正常开放,0,正常开放,57.763,61.633,67.133,19.22,8.77,860.0
2024-04-16 00:00:00+00:00,高湿事件,28,2024-04-17 04:00:00+00:00,39.567,26.053,35.607,20.516,0,正常开放,0,正常开放,57.731,61.814,66.992,21.32,8.02,860.0
2024-04-16 00:00:00+00:00,高湿事件,29,2024-04-17 05:00:00+00:00,38.791,25.396,34.871,20.979,0,正常开放,0,正常开放,57.704,61.926,66.913,23.04,7.78,860.0
2024-04-16 00:00:00+00:00,高湿事件,30,2024-04-17 06:00:00+00:00,38.544,25.455,34.722,21.881,0,正常开放,0,正常开放,57.694,61.772,66.938,24.22,7.91,860.0
2024-04-16 00:00:00+00:00,高湿事件,31,2024-04-17 07:00:00+00:00,38.914,26.286,35.236,23.154,0,正常开放,0,正常开放,57.659,61.962,66.478,24.91,8.34,860.0
2024-04-16 00:00:00+00:00,高湿事件,32,2024-04-17 08:00:00+00:00,39.893,27.839,36.388,24.114,0,正常开放,0,正常开放,57.753,61.889,66.53,25.03,8.78,860.0
2024-04-16 00:00:00+00:00,高湿事件,33,2024-04-17 09:00:00+00:00,41.343,29.924,38.027,24.636,0,正常开放,0,正常开放,57.745,61.591,66.012,24.71,9.16,860.0
2024-04-16 00:00:00+00:00,高湿事件,34,2024-04-17 10:00:00+00:00,43.017,32.19,39.872,33.472,0,正常开放,0,正常开放,57.678,61.814,65.44,23.85,9.56,131.0
2024-04-16 00:00:00+00:00,高湿事件,35,2024-04-17 11:00:00+00:00,44.633,34.27,41.622,34.805,0,正常开放,0,正常开放,57.684,61.253,65.348,21.33,11.03,131.0
2024-04-16 00:00:00+00:00,高湿事件,36,2024-04-17 12:00:00+00:00,45.947,35.863,43.017,35.566,0,正常开放,0,正常开放,57.628,61.067,64.981,17.35,13.88,131.0
2024-04-16 00:00:00+00:00,高湿事件,37,2024-04-17 13:00:00+00:00,46.837,36.894,43.945,35.766,0,正常开放,0,正常开放,57.598,61.281,64.944,16.31,14.69,131.0
2024-04-16 00:00:00+00:00,高湿事件,38,2024-04-17 14:00:00+00:00,47.305,37.471,44.44,36.173,0,正常开放,0,正常开放,57.566,61.328,64.861,15.17,16.13,131.0
2024-04-16 00:00:00+00:00,高湿事件,39,2024-04-17 15:00:00+00:00,47.462,37.757,44.628,37.136,0,正常开放,0,正常开放,57.539,61.469,64.427,13.71,18.85,131.0
2024-04-16 00:00:00+00:00,高湿事件,40,2024-04-17 16:00:00+00:00,47.447,37.878,44.641,38.26,0,正常开放,0,正常开放,57.514,61.404,64.771,12.88,21.17,131.0
2024-04-16 00:00:00+00:00,高湿事件,41,2024-04-17 17:00:00+00:00,47.396,37.932,44.61,38.968,0,正常开放,0,正常开放,57.467,61.423,64.651,12.44,22.26,131.0
2024-04-16 00:00:00+00:00,高湿事件,42,2024-04-17 18:00:00+00:00,47.415,37.959,44.622,39.579,0,正常开放,0,正常开放,57.498,61.095,64.885,12.01,23.46,131.0
2024-04-16 00:00:00+00:00,高湿事件,43,2024-04-17 19:00:00+00:00,47.543,37.949,44.707,41.385,0,正常开放,0,正常开放,57.554,60.87,65.05,11.7,26.95,131.0
2024-04-16 00:00:00+00:00,高湿事件,44,2024-04-17 20:00:00+00:00,47.762,37.841,44.833,44.677,0,正常开放,0,正常开放,57.641,60.767,64.956,11.46,32.52,131.0
2024-04-16 00:00:00+00:00,高湿事件,45,2024-04-17 21:00:00+00:00,47.978,37.524,44.905,48.238,0,正常开放,0,正常开放,57.597,60.502,64.898,10.89,38.39,131.0
2024-04-16 00:00:00+00:00,高湿事件,46,2024-04-17 22:00:00+00:00,48.06,36.875,44.79,50.302,0,正常开放,0,正常开放,57.597,60.066,65.001,10.3,41.33,131.0
2024-04-16 00:00:00+00:00,高湿事件,47,2024-04-17 23:00:00+00:00,47.847,35.777,44.336,50.884,0,正常开放,0,正常开放,57.62,60.136,65.079,10.33,40.93,131.0
2024-04-16 00:00:00+00:00,高湿事件,48,2024-04-18 00:00:00+00:00,47.217,34.242,43.462,49.478,0,正常开放,0,正常开放,57.56,60.277,65.138,12.77,34.65,860.0
2024-04-16 00:00:00+00:00,高湿事件,49,2024-04-18 01:00:00+00:00,46.173,32.404,42.202,45.995,0,正常开放,0,正常开放,57.502,60.449,65.06,15.5,28.19,860.0
2024-04-16 00:00:00+00:00,高湿事件,50,2024-04-18 02:00:00+00:00,44.842,30.506,40.714,43.438,0,正常开放,0,正常开放,57.461,60.612,64.929,17.74,23.98,860.0
2024-04-16 00:00:00+00:00,高湿事件,51,2024-04-18 03:00:00+00:00,43.417,28.783,39.204,42.059,0,正常开放,0,正常开放,57.426,60.506,64.782,19.34,21.63,860.0
2024-04-16 00:00:00+00:00,高湿事件,52,2024-04-18 04:00:00+00:00,42.126,27.444,37.9,41.31,0,正常开放,0,正常开放,57.327,60.218,64.604,20.51,20.22,860.0
2024-04-16 00:00:00+00:00,高湿事件,53,2024-04-18 05:00:00+00:00,41.182,26.675,37.011,40.808,0,正常开放,0,正常开放,57.227,59.831,64.358,21.35,19.3,860.0
2024-04-16 00:00:00+00:00,高湿事件,54,2024-04-18 06:00:00+00:00,40.754,26.617,36.703,40.422,0,正常开放,0,正常开放,57.149,59.673,64.114,21.87,18.73,860.0
2024-04-16 00:00:00+00:00,高湿事件,55,2024-04-18 07:00:00+00:00,40.946,27.331,37.056,40.253,0,正常开放,0,正常开放,57.104,59.655,64.001,21.98,18.6,860.0
2024-04-16 00:00:00+00:00,高湿事件,56,2024-04-18 08:00:00+00:00,41.758,28.775,38.058,39.807,0,正常开放,0,正常开放,57.063,59.608,63.741,21.7,18.96,1290.0
2024-04-16 00:00:00+00:00,高湿事件,57,2024-04-18 09:00:00+00:00,43.066,30.767,39.565,41.881,0,正常开放,0,正常开放,56.966,59.547,63.256,21.12,20.6,1290.0
2024-04-16 00:00:00+00:00,高湿事件,58,2024-04-18 10:00:00+00:00,44.613,32.956,41.292,53.107,0,正常开放,0,正常开放,56.874,59.425,62.941,19.74,26.49,196.5
2024-04-16 00:00:00+00:00,高湿事件,59,2024-04-18 11:00:00+00:00,46.107,34.971,42.932,58.805,0,正常开放,0,正常开放,56.815,58.821,62.882,17.62,37.19,131.0
2024-04-16 00:00:00+00:00,高湿事件,60,2024-04-18 12:00:00+00:00,47.302,36.509,44.225,65.753,0,正常开放,0,正常开放,56.806,58.881,62.862,15.47,49.63,131.0
2024-04-16 00:00:00+00:00,高湿事件,61,2024-04-18 13:00:00+00:00,48.083,37.496,45.067,71.753,0,正常开放,0,正常开放,56.778,59.192,62.774,13.73,60.88,131.0
2024-04-16 00:00:00+00:00,高湿事件,62,2024-04-18 14:00:00+00:00,48.46,38.035,45.494,76.018,0,正常开放,0,正常开放,56.791,59.372,62.415,12.6,68.89,131.0
2024-04-16 00:00:00+00:00,高湿事件,63,2024-04-18 15:00:00+00:00,48.547,38.291,45.633,78.783,0,正常开放,0,正常开放,56.825,59.581,62.549,11.44,76.06,131.0
2024-04-16 00:00:00+00:00,高湿事件,64,2024-04-18 16:00:00+00:00,48.484,38.388,45.611,79.441,0,正常开放,0,正常开放,56.837,59.556,62.676,10.45,79.82,131.0
2024-04-16 00:00:00+00:00,高湿事件,65,2024-04-18 17:00:00+00:00,48.403,38.422,45.556,78.659,0,正常开放,0,正常开放,56.855,59.439,62.545,9.81,80.61,131.0
2024-04-16 00:00:00+00:00,高湿事件,66,2024-04-18 18:00:00+00:00,48.404,38.435,45.553,77.684,0,正常开放,0,正常开放,56.89,59.192,62.838,9.39,81.02,131.0
2024-04-16 00:00:00+00:00,高湿事件,67,2024-04-18 19:00:00+00:00,48.53,38.41,45.631,77.065,0,正常开放,0,正常开放,56.931,58.922,62.885,9.21,81.22,131.0
2024-04-16 00:00:00+00:00,高湿事件,68,2024-04-18 20:00:00+00:00,48.757,38.287,45.755,80.185,0,正常开放,0,正常开放,56.952,58.656,62.779,9.27,81.12,196.5
2024-04-16 00:00:00+00:00,高湿事件,69,2024-04-18 21:00:00+00:00,48.992,37.953,45.831,80.973,0,正常开放,0,正常开放,56.993,58.56,62.772,9.53,79.7,196.5
2024-04-16 00:00:00+00:00,高湿事件,70,2024-04-18 22:00:00+00:00,49.107,37.286,45.727,81.275,0,正常开放,0,正常开放,56.99,58.696,62.879,9.48,79.97,196.5
2024-04-16 00:00:00+00:00,高湿事件,71,2024-04-18 23:00:00+00:00,48.927,36.172,45.286,81.24,0,正常开放,0,正常开放,56.948,58.759,62.959,9.25,80.78,196.5
2024-04-16 00:00:00+00:00,高湿事件,72,2024-04-19 00:00:00+00:00,48.327,34.62,44.42,89.016,0,正常开放,0,正常开放,56.971,58.854,62.897,9.87,75.97,1290.0
2024-06-17 03:00:00+00:00,偏高湿,0,2024-06-17 03:00:00+00:00,42.323,34.139,40.268,36.847,0,正常开放,0,正常开放,62.661,66.228,71.291,29.68,19.0,860.0
2024-06-17 03:00:00+00:00,偏高湿,1,2024-06-17 04:00:00+00:00,41.412,32.843,39.221,36.073,0,正常开放,0,正常开放,62.304,65.963,70.933,30.49,18.01,860.0
2024-06-17 03:00:00+00:00,偏高湿,2,2024-06-17 05:00:00+00:00,40.921,32.062,38.618,35.721,0,正常开放,0,正常开放,62.096,66.15,70.859,31.11,17.43,860.0
2024-06-17 03:00:00+00:00,偏高湿,3,2024-06-17 06:00:00+00:00,40.954,31.903,38.563,35.526,0,正常开放,0,正常开放,61.827,65.999,70.205,31.49,17.11,860.0
2024-06-17 03:00:00+00:00,偏高湿,4,2024-06-17 07:00:00+00:00,41.559,32.427,39.113,35.778,0,正常开放,0,正常开放,61.439,65.986,69.923,31.51,17.28,860.0
2024-06-17 03:00:00+00:00,偏高湿,5,2024-06-17 08:00:00+00:00,42.703,33.591,40.245,36.751,0,正常开放,0,正常开放,61.358,66.096,69.268,31.03,18.2,860.0
2024-06-17 03:00:00+00:00,偏高湿,6,2024-06-17 09:00:00+00:00,44.258,35.228,41.816,38.019,0,正常开放,0,正常开放,61.289,65.796,68.499,30.19,19.59,860.0
2024-06-17 03:00:00+00:00,偏高湿,7,2024-06-17 10:00:00+00:00,46.014,37.087,43.6,45.057,0,正常开放,0,正常开放,61.364,65.164,67.893,29.14,20.97,131.0
2024-06-17 03:00:00+00:00,偏高湿,8,2024-06-17 11:00:00+00:00,47.781,38.972,45.399,45.521,0,正常开放,0,正常开放,61.173,64.487,67.693,27.89,22.56,131.0
2024-06-17 03:00:00+00:00,偏高湿,9,2024-06-17 12:00:00+00:00,49.408,40.721,47.052,46.035,0,正常开放,0,正常开放,61.106,63.982,67.518,26.14,25.12,131.0
2024-06-17 03:00:00+00:00,偏高湿,10,2024-06-17 13:00:00+00:00,50.774,42.223,48.447,46.582,0,正常开放,0,正常开放,60.821,64.04,67.041,24.13,28.42,131.0
2024-06-17 03:00:00+00:00,偏高湿,11,2024-06-17 14:00:00+00:00,51.787,43.355,49.484,46.72,0,正常开放,0,正常开放,60.786,63.803,66.188,24.4,28.05,131.0
2024-06-17 03:00:00+00:00,偏高湿,12,2024-06-17 15:00:00+00:00,52.426,44.071,50.14,46.97,0,正常开放,0,正常开放,60.775,63.792,66.113,22.72,30.8,131.0
2024-06-17 03:00:00+00:00,偏高湿,13,2024-06-17 16:00:00+00:00,52.729,44.37,50.44,47.012,0,正常开放,0,正常开放,60.719,63.833,66.398,21.76,32.33,131.0
2024-06-17 03:00:00+00:00,偏高湿,14,2024-06-17 17:00:00+00:00,52.767,44.292,50.443,46.744,0,正常开放,0,正常开放,60.454,63.55,66.165,21.54,32.18,131.0
2024-06-17 03:00:00+00:00,偏高湿,15,2024-06-17 18:00:00+00:00,52.646,43.946,50.261,46.242,0,正常开放,0,正常开放,60.381,63.242,65.858,21.16,31.98,131.0
2024-06-17 03:00:00+00:00,偏高湿,16,2024-06-17 19:00:00+00:00,52.497,43.489,50.027,45.687,0,正常开放,0,正常开放,60.341,63.34,66.423,20.57,32.18,131.0
2024-06-17 03:00:00+00:00,偏高湿,17,2024-06-17 20:00:00+00:00,52.379,42.974,49.795,45.251,0,正常开放,0,正常开放,60.1,63.248,66.379,19.57,33.37,131.0
2024-06-17 03:00:00+00:00,偏高湿,18,2024-06-17 21:00:00+00:00,52.255,42.328,49.515,45.011,0,正常开放,0,正常开放,59.895,63.098,66.563,18.99,34.25,131.0
2024-06-17 03:00:00+00:00,偏高湿,19,2024-06-17 22:00:00+00:00,52.037,41.442,49.093,45.143,0,正常开放,0,正常开放,59.591,62.941,66.546,18.62,35.43,131.0
2024-06-17 03:00:00+00:00,偏高湿,20,2024-06-17 23:00:00+00:00,51.609,40.214,48.421,44.935,0,正常开放,0,正常开放,59.355,62.719,66.633,21.26,30.46,131.0
2024-06-17 03:00:00+00:00,偏高湿,21,2024-06-18 00:00:00+00:00,50.923,38.693,47.487,40.006,0,正常开放,0,正常开放,59.069,62.46,66.482,23.54,26.74,860.0
2024-06-17 03:00:00+00:00,偏高湿,22,2024-06-18 01:00:00+00:00,50.001,36.988,46.341,40.303,0,正常开放,0,正常开放,58.872,62.35,66.488,25.41,25.04,860.0
2024-06-17 03:00:00+00:00,偏高湿,23,2024-06-18 02:00:00+00:00,48.908,35.244,45.07,40.925,0,正常开放,0,正常开放,58.538,62.277,66.569,27.23,23.73,860.0
2024-06-17 03:00:00+00:00,偏高湿,24,2024-06-18 03:00:00+00:00,47.758,33.652,43.806,40.684,0,正常开放,0,正常开放,58.25,62.283,66.739,28.7,22.27,860.0
2024-06-17 03:00:00+00:00,偏高湿,25,2024-06-18 04:00:00+00:00,46.715,32.419,42.719,39.919,0,正常开放,0,正常开放,57.961,61.867,66.913,29.59,21.08,860.0
2024-06-17 03:00:00+00:00,偏高湿,26,2024-06-18 05:00:00+00:00,45.938,31.674,41.957,39.425,0,正常开放,0,正常开放,57.658,61.548,67.077,30.21,20.33,860.0
2024-06-17 03:00:00+00:00,偏高湿,27,2024-06-18 06:00:00+00:00,45.557,31.529,41.647,39.247,0,正常开放,0,正常开放,57.763,61.633,67.133,30.57,19.99,860.0
2024-06-17 03:00:00+00:00,偏高湿,28,2024-06-18 07:00:00+00:00,45.658,32.043,41.874,39.402,0,正常开放,0,正常开放,57.731,61.814,66.992,30.46,20.21,860.0
2024-06-17 03:00:00+00:00,偏高湿,29,2024-06-18 08:00:00+00:00,46.265,33.176,42.641,39.685,0,正常开放,0,正常开放,57.704,61.926,66.913,29.98,20.8,860.0
2024-06-17 03:00:00+00:00,偏高湿,30,2024-06-18 09:00:00+00:00,47.309,34.77,43.849,40.24,0,正常开放,0,正常开放,57.694,61.772,66.938,29.29,21.75,860.0
2024-06-17 03:00:00+00:00,偏高湿,31,2024-06-18 10:00:00+00:00,48.623,36.586,45.306,46.535,0,正常开放,0,正常开放,57.659,61.962,66.478,28.49,22.78,131.0
2024-06-17 03:00:00+00:00,偏高湿,32,2024-06-18 11:00:00+00:00,50.024,38.433,46.831,46.384,0,正常开放,0,正常开放,57.753,61.889,66.53,27.38,23.76,131.0
2024-06-17 03:00:00+00:00,偏高湿,33,2024-06-18 12:00:00+00:00,51.357,40.155,48.268,45.884,0,正常开放,0,正常开放,57.745,61.591,66.012,25.79,25.0,131.0
2024-06-17 03:00:00+00:00,偏高湿,34,2024-06-18 13:00:00+00:00,52.501,41.64,49.501,45.039,0,正常开放,0,正常开放,57.678,61.814,65.44,23.88,26.38,131.0
2024-06-17 03:00:00+00:00,偏高湿,35,2024-06-18 14:00:00+00:00,53.348,42.763,50.419,44.211,0,正常开放,0,正常开放,57.684,61.253,65.348,22.39,27.53,131.0
2024-06-17 03:00:00+00:00,偏高湿,36,2024-06-18 15:00:00+00:00,53.857,43.477,50.986,43.686,0,正常开放,0,正常开放,57.628,61.067,64.981,21.43,28.52,131.0
2024-06-17 03:00:00+00:00,偏高湿,37,2024-06-18 16:00:00+00:00,54.058,43.783,51.218,43.411,0,正常开放,0,正常开放,57.598,61.281,64.944,20.81,29.29,131.0
2024-06-17 03:00:00+00:00,偏高湿,38,2024-06-18 17:00:00+00:00,54.013,43.718,51.172,43.299,0,正常开放,0,正常开放,57.566,61.328,64.861,20.45,29.82,131.0
2024-06-17 03:00:00+00:00,偏高湿,39,2024-06-18 18:00:00+00:00,53.828,43.393,50.955,44.012,0,正常开放,0,正常开放,57.539,61.469,64.427,20.12,31.92,131.0
2024-06-17 03:00:00+00:00,偏高湿,40,2024-06-18 19:00:00+00:00,53.62,42.963,50.692,46.223,0,正常开放,0,正常开放,57.514,61.404,64.771,19.06,38.09,131.0
2024-06-17 03:00:00+00:00,偏高湿,41,2024-06-18 20:00:00+00:00,53.439,42.475,50.431,49.419,0,正常开放,0,正常开放,57.467,61.423,64.651,17.88,46.33,131.0
2024-06-17 03:00:00+00:00,偏高湿,42,2024-06-18 21:00:00+00:00,53.256,41.852,50.126,52.785,0,正常开放,0,正常开放,57.498,61.095,64.885,16.86,54.61,131.0
2024-06-17 03:00:00+00:00,偏高湿,43,2024-06-18 22:00:00+00:00,52.996,40.985,49.696,55.845,0,正常开放,0,正常开放,57.554,60.87,65.05,16.14,61.72,131.0
2024-06-17 03:00:00+00:00,偏高湿,44,2024-06-18 23:00:00+00:00,52.55,39.777,49.035,58.557,0,正常开放,0,正常开放,57.641,60.767,64.956,15.75,67.42,131.0
2024-06-17 03:00:00+00:00,偏高湿,45,2024-06-19 00:00:00+00:00,51.863,38.275,48.117,69.119,0,正常开放,0,正常开放,57.597,60.502,64.898,15.84,69.32,1290.0
2024-06-17 03:00:00+00:00,偏高湿,46,2024-06-19 01:00:00+00:00,50.947,36.593,46.988,68.892,0,正常开放,0,正常开放,57.597,60.066,65.001,16.27,67.66,1290.0
2024-06-17 03:00:00+00:00,偏高湿,47,2024-06-19 02:00:00+00:00,49.863,34.875,45.731,68.301,0,正常开放,0,正常开放,57.62,60.136,65.079,16.91,65.3,860.0
2024-06-17 03:00:00+00:00,偏高湿,48,2024-06-19 03:00:00+00:00,48.711,33.31,44.47,66.978,0,正常开放,0,正常开放,57.56,60.277,65.138,17.7,61.66,860.0
2024-06-17 03:00:00+00:00,偏高湿,49,2024-06-19 04:00:00+00:00,47.633,32.1,43.365,65.951,0,正常开放,0,正常开放,57.502,60.449,65.06,18.28,59.07,860.0
2024-06-17 03:00:00+00:00,偏高湿,50,2024-06-19 05:00:00+00:00,46.772,31.371,42.551,65.278,0,正常开放,0,正常开放,57.461,60.612,64.929,18.59,57.61,860.0
2024-06-17 03:00:00+00:00,偏高湿,51,2024-06-19 06:00:00+00:00,46.263,31.233,42.159,64.284,0,正常开放,0,正常开放,57.426,60.506,64.782,18.85,55.88,1290.0
2024-06-17 03:00:00+00:00,偏高湿,52,2024-06-19 07:00:00+00:00,46.213,31.747,42.28,63.0,0,正常开放,0,正常开放,57.327,60.218,64.604,19.12,54.04,1290.0
2024-06-17 03:00:00+00:00,偏高湿,53,2024-06-19 08:00:00+00:00,46.664,32.876,42.935,62.037,0,正常开放,0,正常开放,57.227,59.831,64.358,19.34,52.65,1290.0
2024-06-17 03:00:00+00:00,偏高湿,54,2024-06-19 09:00:00+00:00,47.568,34.462,44.042,61.066,0,正常开放,0,正常开放,57.149,59.673,64.114,19.63,51.12,1290.0
2024-06-17 03:00:00+00:00,偏高湿,55,2024-06-19 10:00:00+00:00,48.777,36.272,45.425,60.017,0,正常开放,0,正常开放,57.104,59.655,64.001,19.82,49.99,196.5
2024-06-17 03:00:00+00:00,偏高湿,56,2024-06-19 11:00:00+00:00,50.111,38.114,46.899,58.284,0,正常开放,0,正常开放,57.063,59.608,63.741,19.86,49.75,131.0
2024-06-17 03:00:00+00:00,偏高湿,57,2024-06-19 12:00:00+00:00,51.408,39.83,48.302,57.795,0,正常开放,0,正常开放,56.966,59.547,63.256,19.45,51.09,131.0
2024-06-17 03:00:00+00:00,偏高湿,58,2024-06-19 13:00:00+00:00,52.527,41.311,49.505,58.02,0,正常开放,0,正常开放,56.874,59.425,62.941,17.78,56.78,131.0
2024-06-17 03:00:00+00:00,偏高湿,59,2024-06-19 14:00:00+00:00,53.361,42.434,50.408,58.125,0,正常开放,0,正常开放,56.815,58.821,62.882,17.16,58.93,131.0
2024-06-17 03:00:00+00:00,偏高湿,60,2024-06-19 15:00:00+00:00,53.888,43.159,50.986,57.925,0,正常开放,0,正常开放,56.806,58.881,62.862,17.07,58.67,131.0
2024-06-17 03:00:00+00:00,偏高湿,61,2024-06-19 16:00:00+00:00,54.137,43.487,51.258,57.458,0,正常开放,0,正常开放,56.778,59.192,62.774,16.9,58.19,131.0
2024-06-17 03:00:00+00:00,偏高湿,62,2024-06-19 17:00:00+00:00,54.167,43.453,51.274,56.821,0,正常开放,0,正常开放,56.791,59.372,62.415,16.63,57.83,131.0
2024-06-17 03:00:00+00:00,偏高湿,63,2024-06-19 18:00:00+00:00,54.071,43.162,51.129,56.235,0,正常开放,0,正常开放,56.825,59.581,62.549,16.31,57.91,131.0
2024-06-17 03:00:00+00:00,偏高湿,64,2024-06-19 19:00:00+00:00,53.953,42.765,50.933,55.874,0,正常开放,0,正常开放,56.837,59.556,62.676,15.99,58.53,131.0
2024-06-17 03:00:00+00:00,偏高湿,65,2024-06-19 20:00:00+00:00,53.847,42.301,50.723,55.571,0,正常开放,0,正常开放,56.855,59.439,62.545,16.26,57.25,131.0
2024-06-17 03:00:00+00:00,偏高湿,66,2024-06-19 21:00:00+00:00,53.714,41.69,50.448,55.859,0,正常开放,0,正常开放,56.89,59.192,62.838,16.07,58.82,131.0
2024-06-17 03:00:00+00:00,偏高湿,67,2024-06-19 22:00:00+00:00,53.48,40.822,50.031,56.712,0,正常开放,0,正常开放,56.931,58.922,62.885,16.22,60.3,131.0
2024-06-17 03:00:00+00:00,偏高湿,68,2024-06-19 23:00:00+00:00,53.047,39.602,49.372,57.372,0,正常开放,0,正常开放,56.952,58.656,62.779,18.26,54.85,131.0
2024-06-17 03:00:00+00:00,偏高湿,69,2024-06-20 00:00:00+00:00,52.349,38.078,48.443,62.173,0,正常开放,0,正常开放,56.993,58.56,62.772,20.08,50.8,1290.0
2024-06-17 03:00:00+00:00,偏高湿,70,2024-06-20 01:00:00+00:00,51.386,36.364,47.275,65.621,0,正常开放,0,正常开放,56.99,58.696,62.879,19.99,54.06,1290.0
2024-06-17 03:00:00+00:00,偏高湿,71,2024-06-20 02:00:00+00:00,50.222,34.608,45.958,72.107,0,正常开放,0,正常开放,56.948,58.759,62.959,18.78,63.09,1290.0
2024-06-17 03:00:00+00:00,偏高湿,72,2024-06-20 03:00:00+00:00,48.987,33.006,44.632,72.899,0,正常开放,0,正常开放,56.971,58.854,62.897,18.79,63.81,1290.0
2022-08-29 22:00:00+00:00,平稳期,0,2022-08-29 22:00:00+00:00,33.211,30.543,32.484,30.753,0,正常开放,0,正常开放,62.661,66.228,71.291,14.32,25.43,131.0
2022-08-29 22:00:00+00:00,平稳期,1,2022-08-29 23:00:00+00:00,32.775,29.314,31.826,30.661,0,正常开放,0,正常开放,62.304,65.963,70.933,14.88,24.62,131.0
2022-08-29 22:00:00+00:00,平稳期,2,2022-08-30 00:00:00+00:00,31.948,27.613,30.75,20.226,0,正常开放,0,正常开放,62.096,66.15,70.859,18.86,18.39,860.0
2022-08-29 22:00:00+00:00,平稳期,3,2022-08-30 01:00:00+00:00,30.806,25.686,29.367,18.576,0,正常开放,0,正常开放,61.827,65.999,70.205,21.71,14.66,860.0
2022-08-29 22:00:00+00:00,平稳期,4,2022-08-30 02:00:00+00:00,29.521,23.815,27.884,17.847,0,正常开放,0,正常开放,61.439,65.986,69.923,24.14,12.61,860.0
2022-08-29 22:00:00+00:00,平稳期,5,2022-08-30 03:00:00+00:00,28.288,22.245,26.532,17.611,0,正常开放,0,正常开放,61.358,66.096,69.268,25.62,11.71,860.0
2022-08-29 22:00:00+00:00,平稳期,6,2022-08-30 04:00:00+00:00,27.309,21.136,25.498,17.564,0,正常开放,0,正常开放,61.289,65.796,68.499,26.65,11.24,860.0
2022-08-29 22:00:00+00:00,平稳期,7,2022-08-30 05:00:00+00:00,26.736,20.59,24.939,17.598,0,正常开放,0,正常开放,61.364,65.164,67.893,27.37,10.99,860.0
2022-08-29 22:00:00+00:00,平稳期,8,2022-08-30 06:00:00+00:00,26.674,20.675,24.938,17.656,0,正常开放,0,正常开放,61.173,64.487,67.693,27.83,10.87,860.0
2022-08-29 22:00:00+00:00,平稳期,9,2022-08-30 07:00:00+00:00,27.201,21.438,25.546,17.674,0,正常开放,0,正常开放,61.106,63.982,67.518,28.0,10.83,860.0
2022-08-29 22:00:00+00:00,平稳期,10,2022-08-30 08:00:00+00:00,28.306,22.875,26.757,17.624,0,正常开放,0,正常开放,60.821,64.04,67.041,27.81,10.87,860.0
2022-08-29 22:00:00+00:00,平稳期,11,2022-08-30 09:00:00+00:00,29.899,24.862,28.47,17.606,0,正常开放,0,正常开放,60.786,63.803,66.188,27.22,11.1,860.0
2022-08-29 22:00:00+00:00,平稳期,12,2022-08-30 10:00:00+00:00,31.752,27.117,30.426,25.163,0,正常开放,0,正常开放,60.775,63.792,66.113,26.26,11.55,131.0
2022-08-29 22:00:00+00:00,平稳期,13,2022-08-30 11:00:00+00:00,33.538,29.252,32.303,28.852,0,正常开放,0,正常开放,60.719,63.833,66.398,24.13,15.87,131.0
2022-08-29 22:00:00+00:00,平稳期,14,2022-08-30 12:00:00+00:00,35.023,31.006,33.859,30.281,0,正常开放,0,正常开放,60.454,63.55,66.165,22.05,17.85,131.0
2022-08-29 22:00:00+00:00,平稳期,15,2022-08-30 13:00:00+00:00,36.11,32.245,34.981,30.248,0,正常开放,0,正常开放,60.381,63.242,65.858,21.88,16.57,131.0
2022-08-29 22:00:00+00:00,平稳期,16,2022-08-30 14:00:00+00:00,36.8,33.021,35.689,30.365,0,正常开放,0,正常开放,60.341,63.34,66.423,20.3,18.21,131.0
2022-08-29 22:00:00+00:00,平稳期,17,2022-08-30 15:00:00+00:00,37.164,33.429,36.066,30.712,0,正常开放,0,正常开放,60.1,63.248,66.379,18.39,21.08,131.0
2022-08-29 22:00:00+00:00,平稳期,18,2022-08-30 16:00:00+00:00,37.315,33.602,36.232,30.85,0,正常开放,0,正常开放,59.895,63.098,66.563,16.97,22.77,131.0
2022-08-29 22:00:00+00:00,平稳期,19,2022-08-30 17:00:00+00:00,37.384,33.645,36.302,30.879,0,正常开放,0,正常开放,59.591,62.941,66.546,16.04,23.86,131.0
2022-08-29 22:00:00+00:00,平稳期,20,2022-08-30 18:00:00+00:00,37.466,33.618,36.356,30.87,0,正常开放,0,正常开放,59.355,62.719,66.633,15.4,24.62,131.0
2022-08-29 22:00:00+00:00,平稳期,21,2022-08-30 19:00:00+00:00,37.588,33.535,36.426,30.858,0,正常开放,0,正常开放,59.069,62.46,66.482,14.92,25.22,131.0
2022-08-29 22:00:00+00:00,平稳期,22,2022-08-30 20:00:00+00:00,37.755,33.355,36.488,30.804,0,正常开放,0,正常开放,58.872,62.35,66.488,14.55,25.51,131.0
2022-08-29 22:00:00+00:00,平稳期,23,2022-08-30 21:00:00+00:00,37.873,32.963,36.465,30.768,0,正常开放,0,正常开放,58.538,62.277,66.569,14.26,25.83,131.0
2022-08-29 22:00:00+00:00,平稳期,24,2022-08-30 22:00:00+00:00,37.826,32.185,36.214,30.737,0,正常开放,0,正常开放,58.25,62.283,66.739,14.01,26.09,131.0
2022-08-29 22:00:00+00:00,平稳期,25,2022-08-30 23:00:00+00:00,37.489,30.928,35.622,30.703,0,正常开放,0,正常开放,57.961,61.867,66.913,14.6,25.28,131.0
2022-08-29 22:00:00+00:00,平稳期,26,2022-08-31 00:00:00+00:00,36.772,29.208,34.62,20.78,0,正常开放,0,正常开放,57.658,61.548,67.077,19.52,18.69,860.0
2022-08-29 22:00:00+00:00,平稳期,27,2022-08-31 01:00:00+00:00,35.694,27.263,33.292,18.053,0,正常开放,0,正常开放,57.763,61.633,67.133,22.93,13.44,860.0
2022-08-29 22:00:00+00:00,平稳期,28,2022-08-31 02:00:00+00:00,34.39,25.374,31.815,16.623,0,正常开放,0,正常开放,57.731,61.814,66.992,25.06,10.98,860.0
2022-08-29 22:00:00+00:00,平稳期,29,2022-08-31 03:00:00+00:00,33.056,23.781,30.406,16.173,0,正常开放,0,正常开放,57.704,61.926,66.913,26.5,10.01,860.0
2022-08-29 22:00:00+00:00,平稳期,30,2022-08-31 04:00:00+00:00,31.903,22.645,29.261,16.075,0,正常开放,0,正常开放,57.694,61.772,66.938,27.65,9.53,860.0
2022-08-29 22:00:00+00:00,平稳期,31,2022-08-31 05:00:00+00:00,31.107,22.069,28.543,16.093,0,正常开放,0,正常开放,57.659,61.962,66.478,28.48,9.28,860.0
2022-08-29 22:00:00+00:00,平稳期,32,2022-08-31 06:00:00+00:00,30.806,22.119,28.359,16.077,0,正常开放,0,正常开放,57.753,61.889,66.53,28.96,9.12,860.0
2022-08-29 22:00:00+00:00,平稳期,33,2022-08-31 07:00:00+00:00,31.079,22.841,28.775,15.981,0,正常开放,0,正常开放,57.745,61.591,66.012,29.14,8.99,860.0
2022-08-29 22:00:00+00:00,平稳期,34,2022-08-31 08:00:00+00:00,31.925,24.232,29.794,15.803,0,正常开放,0,正常开放,57.678,61.814,65.44,28.97,8.9,860.0
2022-08-29 22:00:00+00:00,平稳期,35,2022-08-31 09:00:00+00:00,33.259,26.171,31.314,15.764,0,正常开放,0,正常开放,57.684,61.253,65.348,28.39,9.06,860.0
2022-08-29 22:00:00+00:00,平稳期,36,2022-08-31 10:00:00+00:00,34.863,28.379,33.096,23.849,0,正常开放,0,正常开放,57.628,61.067,64.981,27.48,9.51,131.0
2022-08-29 22:00:00+00:00,平稳期,37,2022-08-31 11:00:00+00:00,36.434,30.467,34.82,27.917,0,正常开放,0,正常开放,57.598,61.281,64.944,24.88,14.23,131.0
2022-08-29 22:00:00+00:00,平稳期,38,2022-08-31 12:00:00+00:00,37.759,32.179,36.256,29.578,0,正常开放,0,正常开放,57.566,61.328,64.861,21.99,16.89,131.0
2022-08-29 22:00:00+00:00,平稳期,39,2022-08-31 13:00:00+00:00,38.721,33.382,37.284,30.004,0,正常开放,0,正常开放,57.539,61.469,64.427,21.44,17.01,131.0
2022-08-29 22:00:00+00:00,平稳期,40,2022-08-31 14:00:00+00:00,39.312,34.125,37.913,30.193,0,正常开放,0,正常开放,57.514,61.404,64.771,20.77,17.68,131.0
2022-08-29 22:00:00+00:00,平稳期,41,2022-08-31 15:00:00+00:00,39.595,34.505,38.217,30.238,0,正常开放,0,正常开放,57.467,61.423,64.651,19.88,18.39,131.0
2022-08-29 22:00:00+00:00,平稳期,42,2022-08-31 16:00:00+00:00,39.684,34.653,38.321,30.138,0,正常开放,0,正常开放,57.498,61.095,64.885,19.17,18.68,131.0
2022-08-29 22:00:00+00:00,平稳期,43,2022-08-31 17:00:00+00:00,39.705,34.68,38.336,30.055,0,正常开放,0,正常开放,57.554,60.87,65.05,18.32,19.32,131.0
2022-08-29 22:00:00+00:00,平稳期,44,2022-08-31 18:00:00+00:00,39.747,34.643,38.351,29.972,0,正常开放,0,正常开放,57.641,60.767,64.956,17.26,20.17,131.0
2022-08-29 22:00:00+00:00,平稳期,45,2022-08-31 19:00:00+00:00,39.849,34.556,38.394,29.856,0,正常开放,0,正常开放,57.597,60.502,64.898,16.75,20.42,131.0
2022-08-29 22:00:00+00:00,平稳期,46,2022-08-31 20:00:00+00:00,39.993,34.375,38.444,29.645,0,正常开放,0,正常开放,57.597,60.066,65.001,16.89,19.69,131.0
2022-08-29 22:00:00+00:00,平稳期,47,2022-08-31 21:00:00+00:00,40.095,33.982,38.403,29.489,0,正常开放,0,正常开放,57.62,60.136,65.079,16.83,19.42,131.0
2022-08-29 22:00:00+00:00,平稳期,48,2022-08-31 22:00:00+00:00,40.023,33.199,38.129,29.599,0,正常开放,0,正常开放,57.56,60.277,65.138,16.65,20.22,131.0
2022-08-29 22:00:00+00:00,平稳期,49,2022-08-31 23:00:00+00:00,39.66,31.934,37.513,30.114,0,正常开放,0,正常开放,57.502,60.449,65.06,16.89,21.81,131.0
2022-08-29 22:00:00+00:00,平稳期,50,2022-09-01 00:00:00+00:00,38.91,30.204,36.49,23.402,0,正常开放,0,正常开放,57.461,60.612,64.929,18.43,23.22,860.0
2022-08-29 22:00:00+00:00,平稳期,51,2022-09-01 01:00:00+00:00,37.799,28.246,35.141,25.28,0,正常开放,0,正常开放,57.426,60.506,64.782,20.19,24.11,860.0
2022-08-29 22:00:00+00:00,平稳期,52,2022-09-01 02:00:00+00:00,36.45,26.342,33.64,25.549,0,正常开放,0,正常开放,57.327,60.218,64.604,22.08,22.59,860.0
2022-08-29 22:00:00+00:00,平稳期,53,2022-09-01 03:00:00+00:00,35.055,24.731,32.189,26.105,0,正常开放,0,正常开放,57.227,59.831,64.358,23.4,22.02,860.0
2022-08-29 22:00:00+00:00,平稳期,54,2022-09-01 04:00:00+00:00,33.822,23.571,30.977,26.274,0,正常开放,0,正常开放,57.149,59.673,64.114,24.73,21.05,860.0
2022-08-29 22:00:00+00:00,平稳期,55,2022-09-01 05:00:00+00:00,32.921,22.962,30.169,26.07,0,正常开放,0,正常开放,57.104,59.655,64.001,25.89,19.91,860.0
2022-08-29 22:00:00+00:00,平稳期,56,2022-09-01 06:00:00+00:00,32.493,22.971,29.876,26.419,0,正常开放,0,正常开放,57.063,59.608,63.741,26.55,19.75,860.0
2022-08-29 22:00:00+00:00,平稳期,57,2022-09-01 07:00:00+00:00,32.622,23.647,30.172,27.057,0,正常开放,0,正常开放,56.966,59.547,63.256,26.68,20.27,860.0
2022-08-29 22:00:00+00:00,平稳期,58,2022-09-01 08:00:00+00:00,33.327,24.989,31.069,27.747,0,正常开放,0,正常开放,56.874,59.425,62.941,26.52,21.07,860.0
2022-08-29 22:00:00+00:00,平稳期,59,2022-09-01 09:00:00+00:00,34.527,26.877,32.469,28.485,0,正常开放,0,正常开放,56.815,58.821,62.882,26.0,22.24,860.0
2022-08-29 22:00:00+00:00,平稳期,60,2022-09-01 10:00:00+00:00,36.014,29.035,34.141,33.864,0,正常开放,0,正常开放,56.806,58.881,62.862,25.02,23.74,131.0
2022-08-29 22:00:00+00:00,平稳期,61,2022-09-01 11:00:00+00:00,37.48,31.074,35.762,35.837,0,正常开放,0,正常开放,56.778,59.192,62.774,23.44,26.62,131.0
2022-08-29 22:00:00+00:00,平稳期,62,2022-09-01 12:00:00+00:00,38.706,32.738,37.103,37.252,0,正常开放,0,正常开放,56.791,59.372,62.415,21.24,31.85,131.0
2022-08-29 22:00:00+00:00,平稳期,63,2022-09-01 13:00:00+00:00,39.573,33.897,38.045,38.343,0,正常开放,0,正常开放,56.825,59.581,62.549,19.02,37.75,131.0
2022-08-29 22:00:00+00:00,平稳期,64,2022-09-01 14:00:00+00:00,40.074,34.601,38.6,37.694,0,正常开放,0,正常开放,56.837,59.556,62.676,17.36,42.28,196.5
2022-08-29 22:00:00+00:00,平稳期,65,2022-09-01 15:00:00+00:00,40.289,34.947,38.847,38.872,0,正常开放,0,正常开放,56.855,59.439,62.545,16.44,44.98,131.0
2022-08-29 22:00:00+00:00,平稳期,66,2022-09-01 16:00:00+00:00,40.332,35.071,38.908,38.13,0,正常开放,0,正常开放,56.89,59.192,62.838,15.87,46.87,196.5
2022-08-29 22:00:00+00:00,平稳期,67,2022-09-01 17:00:00+00:00,40.322,35.079,38.896,38.163,0,正常开放,0,正常开放,56.931,58.922,62.885,15.38,48.89,196.5
2022-08-29 22:00:00+00:00,平稳期,68,2022-09-01 18:00:00+00:00,40.333,35.03,38.886,38.437,0,正常开放,0,正常开放,56.952,58.656,62.779,14.85,51.2,196.5
2022-08-29 22:00:00+00:00,平稳期,69,2022-09-01 19:00:00+00:00,40.42,34.939,38.918,38.742,0,正常开放,0,正常开放,56.993,58.56,62.772,14.4,53.27,196.5
2022-08-29 22:00:00+00:00,平稳期,70,2022-09-01 20:00:00+00:00,40.569,34.761,38.973,38.987,0,正常开放,0,正常开放,56.99,58.696,62.879,13.96,55.15,196.5
2022-08-29 22:00:00+00:00,平稳期,71,2022-09-01 21:00:00+00:00,40.699,34.376,38.954,40.117,0,正常开放,0,正常开放,56.948,58.759,62.959,13.52,56.43,131.0
2022-08-29 22:00:00+00:00,平稳期,72,2022-09-01 22:00:00+00:00,40.679,33.602,38.716,40.41,0,正常开放,0,正常开放,56.971,58.854,62.897,13.1,57.22,131.0
