model,RMSE,MAE,R2,bias,n_features,fit_seconds
Persistence,2.3338,1.2493,0.95302,-0.0001,,
FirstOrderTransfer(初稿方案),9.4713,7.5521,0.22626,-0.1521,,
FirstOrderTransfer-递归推演(旧口径),1968149701311.2837,536087657416.4301,-3.341135248226826e+22,536087657410.2541,,
RidgeDirect(仅当前时刻),6.549,5.1524,0.63006,-0.0203,,
Operator-Full(本作品),3.7873,2.7938,0.87628,0.0321,258.0,5.63
Ablation-无慢变项,5.491,4.1499,0.73994,-0.2453,246.0,4.4
Ablation-无Magnus项,3.8201,2.8195,0.87413,0.1153,252.0,4.02
Ablation-仅快变延迟,5.6541,4.2472,0.72426,-0.5204,240.0,3.94
Ablation-短延迟(12h),3.8908,2.8609,0.86943,0.0139,78.0,1.52
