model,threshold,base_rate,n_pos,precision,recall,F1,AUC
FirstOrderTransfer(初稿方案),62.0,0.07,3069,0.0822,0.0277,0.0414,0.6201
Operator-Full(本作品),62.0,0.07,3069,0.3843,0.5663,0.4579,0.9278
Persistence,62.0,0.07,3069,0.8895,0.8895,0.8895,0.9916
FirstOrderTransfer(初稿方案),67.0,0.04,1756,0.0703,0.0148,0.0245,0.6247
Operator-Full(本作品),67.0,0.04,1756,0.2345,0.4362,0.305,0.929
Persistence,67.0,0.04,1756,0.8702,0.8702,0.8702,0.9923
FirstOrderTransfer(初稿方案),75.0,0.0145,636,0.0,0.0,0.0,0.6715
Operator-Full(本作品),75.0,0.0145,636,0.0751,0.2421,0.1146,0.9386
Persistence,75.0,0.0145,636,0.8412,0.8412,0.8412,0.9941
