horizon_h,model,RMSE,R2,bias,p95_pred,max_true
24,state-MSE（旧口径）,7.284,0.5425,-0.301,44.19,89.02
24,traj-MSE（完美外场）,8.174,0.4239,-0.347,46.41,89.02
24,traj-Quantile(tau=0.9),9.559,0.2122,3.924,52.62,89.02
48,state-MSE（旧口径）,7.815,0.4736,-0.336,43.35,89.02
48,traj-MSE（完美外场）,9.322,0.2509,-0.35,46.41,89.02
48,traj-Quantile(tau=0.9),10.762,0.0016,3.921,52.63,89.02
72,state-MSE（旧口径）,8.156,0.4268,-0.305,42.82,89.02
72,traj-MSE（完美外场）,9.658,0.1964,-0.348,46.42,89.02
72,traj-Quantile(tau=0.9),11.092,-0.06,3.923,52.63,89.02
