scenario,readout,origin,step_h,RH_pred,RH_true,level
高湿事件,线性 MSE,2024-04-16 00:00:00+00:00,0,28.356,24.753,0
高湿事件,线性 MSE,2024-04-16 00:00:00+00:00,1,26.483,21.517,0
高湿事件,线性 MSE,2024-04-16 00:00:00+00:00,2,24.634,19.916,0
高湿事件,线性 MSE,2024-04-16 00:00:00+00:00,3,23.023,19.289,0
高湿事件,线性 MSE,2024-04-16 00:00:00+00:00,4,21.852,18.517,0
高湿事件,线性 MSE,2024-04-16 00:00:00+00:00,5,21.299,17.772,0
高湿事件,线性 MSE,2024-04-16 00:00:00+00:00,6,21.502,17.223,0
高湿事件,线性 MSE,2024-04-16 00:00:00+00:00,7,22.511,17.107,0
高湿事件,线性 MSE,2024-04-16 00:00:00+00:00,8,24.265,17.219,0
高湿事件,线性 MSE,2024-04-16 00:00:00+00:00,9,26.56,17.637,0
高湿事件,线性 MSE,2024-04-16 00:00:00+00:00,10,29.03,27.594,0
高湿事件,线性 MSE,2024-04-16 00:00:00+00:00,11,31.296,29.976,0
高湿事件,线性 MSE,2024-04-16 00:00:00+00:00,12,33.048,31.459,0
高湿事件,线性 MSE,2024-04-16 00:00:00+00:00,13,34.219,32.305,0
高湿事件,线性 MSE,2024-04-16 00:00:00+00:00,14,34.92,32.84,0
高湿事件,线性 MSE,2024-04-16 00:00:00+00:00,15,35.322,32.901,0
高湿事件,线性 MSE,2024-04-16 00:00:00+00:00,16,35.555,32.551,0
高湿事件,线性 MSE,2024-04-16 00:00:00+00:00,17,35.711,32.293,0
高湿事件,线性 MSE,2024-04-16 00:00:00+00:00,18,35.826,32.14,0
高湿事件,线性 MSE,2024-04-16 00:00:00+00:00,19,35.886,31.919,0
高湿事件,线性 MSE,2024-04-16 00:00:00+00:00,20,35.834,31.538,0
高湿事件,线性 MSE,2024-04-16 00:00:00+00:00,21,35.566,31.4,0
高湿事件,线性 MSE,2024-04-16 00:00:00+00:00,22,34.97,31.554,0
高湿事件,线性 MSE,2024-04-16 00:00:00+00:00,23,33.935,31.788,0
高湿事件,线性 MSE,2024-04-16 00:00:00+00:00,24,32.474,23.786,0
高湿事件,线性 MSE,2024-04-16 00:00:00+00:00,25,30.72,21.811,0
高湿事件,线性 MSE,2024-04-16 00:00:00+00:00,26,28.915,21.2,0
高湿事件,线性 MSE,2024-04-16 00:00:00+00:00,27,27.288,20.692,0
高湿事件,线性 MSE,2024-04-16 00:00:00+00:00,28,26.053,20.516,0
高湿事件,线性 MSE,2024-04-16 00:00:00+00:00,29,25.396,20.979,0
高湿事件,线性 MSE,2024-04-16 00:00:00+00:00,30,25.455,21.881,0
高湿事件,线性 MSE,2024-04-16 00:00:00+00:00,31,26.286,23.154,0
高湿事件,线性 MSE,2024-04-16 00:00:00+00:00,32,27.839,24.114,0
高湿事件,线性 MSE,2024-04-16 00:00:00+00:00,33,29.924,24.636,0
高湿事件,线性 MSE,2024-04-16 00:00:00+00:00,34,32.19,33.472,0
高湿事件,线性 MSE,2024-04-16 00:00:00+00:00,35,34.27,34.805,0
高湿事件,线性 MSE,2024-04-16 00:00:00+00:00,36,35.863,35.566,0
高湿事件,线性 MSE,2024-04-16 00:00:00+00:00,37,36.894,35.766,0
高湿事件,线性 MSE,2024-04-16 00:00:00+00:00,38,37.471,36.173,0
高湿事件,线性 MSE,2024-04-16 00:00:00+00:00,39,37.757,37.136,0
高湿事件,线性 MSE,2024-04-16 00:00:00+00:00,40,37.878,38.26,0
高湿事件,线性 MSE,2024-04-16 00:00:00+00:00,41,37.932,38.968,0
高湿事件,线性 MSE,2024-04-16 00:00:00+00:00,42,37.959,39.579,0
高湿事件,线性 MSE,2024-04-16 00:00:00+00:00,43,37.949,41.385,0
高湿事件,线性 MSE,2024-04-16 00:00:00+00:00,44,37.841,44.677,0
高湿事件,线性 MSE,2024-04-16 00:00:00+00:00,45,37.524,48.238,0
高湿事件,线性 MSE,2024-04-16 00:00:00+00:00,46,36.875,50.302,0
高湿事件,线性 MSE,2024-04-16 00:00:00+00:00,47,35.777,50.884,0
高湿事件,线性 MSE,2024-04-16 00:00:00+00:00,48,34.242,49.478,0
高湿事件,线性 MSE,2024-04-16 00:00:00+00:00,49,32.404,45.995,0
高湿事件,线性 MSE,2024-04-16 00:00:00+00:00,50,30.506,43.438,0
高湿事件,线性 MSE,2024-04-16 00:00:00+00:00,51,28.783,42.059,0
高湿事件,线性 MSE,2024-04-16 00:00:00+00:00,52,27.444,41.31,0
高湿事件,线性 MSE,2024-04-16 00:00:00+00:00,53,26.675,40.808,0
高湿事件,线性 MSE,2024-04-16 00:00:00+00:00,54,26.617,40.422,0
高湿事件,线性 MSE,2024-04-16 00:00:00+00:00,55,27.331,40.253,0
高湿事件,线性 MSE,2024-04-16 00:00:00+00:00,56,28.775,39.807,0
高湿事件,线性 MSE,2024-04-16 00:00:00+00:00,57,30.767,41.881,0
高湿事件,线性 MSE,2024-04-16 00:00:00+00:00,58,32.956,53.107,0
高湿事件,线性 MSE,2024-04-16 00:00:00+00:00,59,34.971,58.805,0
高湿事件,线性 MSE,2024-04-16 00:00:00+00:00,60,36.509,65.753,0
高湿事件,线性 MSE,2024-04-16 00:00:00+00:00,61,37.496,71.753,0
高湿事件,线性 MSE,2024-04-16 00:00:00+00:00,62,38.035,76.018,0
高湿事件,线性 MSE,2024-04-16 00:00:00+00:00,63,38.291,78.783,0
高湿事件,线性 MSE,2024-04-16 00:00:00+00:00,64,38.388,79.441,0
高湿事件,线性 MSE,2024-04-16 00:00:00+00:00,65,38.422,78.659,0
高湿事件,线性 MSE,2024-04-16 00:00:00+00:00,66,38.435,77.684,0
高湿事件,线性 MSE,2024-04-16 00:00:00+00:00,67,38.41,77.065,0
高湿事件,线性 MSE,2024-04-16 00:00:00+00:00,68,38.287,80.185,0
高湿事件,线性 MSE,2024-04-16 00:00:00+00:00,69,37.953,80.973,0
高湿事件,线性 MSE,2024-04-16 00:00:00+00:00,70,37.286,81.275,0
高湿事件,线性 MSE,2024-04-16 00:00:00+00:00,71,36.172,81.24,0
高湿事件,线性 MSE,2024-04-16 00:00:00+00:00,72,34.62,89.016,0
高湿事件,分位数 τ=0.9,2024-04-16 00:00:00+00:00,0,32.052,24.753,0
高湿事件,分位数 τ=0.9,2024-04-16 00:00:00+00:00,1,30.747,21.517,0
高湿事件,分位数 τ=0.9,2024-04-16 00:00:00+00:00,2,29.377,19.916,0
高湿事件,分位数 τ=0.9,2024-04-16 00:00:00+00:00,3,28.135,19.289,0
高湿事件,分位数 τ=0.9,2024-04-16 00:00:00+00:00,4,27.24,18.517,0
高湿事件,分位数 τ=0.9,2024-04-16 00:00:00+00:00,5,26.889,17.772,0
高湿事件,分位数 τ=0.9,2024-04-16 00:00:00+00:00,6,27.218,17.223,0
高湿事件,分位数 τ=0.9,2024-04-16 00:00:00+00:00,7,28.276,17.107,0
高湿事件,分位数 τ=0.9,2024-04-16 00:00:00+00:00,8,29.984,17.219,0
高湿事件,分位数 τ=0.9,2024-04-16 00:00:00+00:00,9,32.148,17.637,0
高湿事件,分位数 τ=0.9,2024-04-16 00:00:00+00:00,10,34.467,27.594,0
高湿事件,分位数 τ=0.9,2024-04-16 00:00:00+00:00,11,36.633,29.976,0
高湿事件,分位数 τ=0.9,2024-04-16 00:00:00+00:00,12,38.38,31.459,0
高湿事件,分位数 τ=0.9,2024-04-16 00:00:00+00:00,13,39.606,32.305,0
高湿事件,分位数 τ=0.9,2024-04-16 00:00:00+00:00,14,40.357,32.84,0
高湿事件,分位数 τ=0.9,2024-04-16 00:00:00+00:00,15,40.774,32.901,0
高湿事件,分位数 τ=0.9,2024-04-16 00:00:00+00:00,16,41.004,32.551,0
高湿事件,分位数 τ=0.9,2024-04-16 00:00:00+00:00,17,41.17,32.293,0
高湿事件,分位数 τ=0.9,2024-04-16 00:00:00+00:00,18,41.351,32.14,0
高湿事件,分位数 τ=0.9,2024-04-16 00:00:00+00:00,19,41.57,31.919,0
高湿事件,分位数 τ=0.9,2024-04-16 00:00:00+00:00,20,41.796,31.538,0
高湿事件,分位数 τ=0.9,2024-04-16 00:00:00+00:00,21,41.942,31.4,0
高湿事件,分位数 τ=0.9,2024-04-16 00:00:00+00:00,22,41.892,31.554,0
高湿事件,分位数 τ=0.9,2024-04-16 00:00:00+00:00,23,41.504,31.788,0
高湿事件,分位数 τ=0.9,2024-04-16 00:00:00+00:00,24,40.709,23.786,0
高湿事件,分位数 τ=0.9,2024-04-16 00:00:00+00:00,25,39.539,21.811,0
高湿事件,分位数 τ=0.9,2024-04-16 00:00:00+00:00,26,38.158,21.2,0
高湿事件,分位数 τ=0.9,2024-04-16 00:00:00+00:00,27,36.772,20.692,0
高湿事件,分位数 τ=0.9,2024-04-16 00:00:00+00:00,28,35.607,20.516,0
高湿事件,分位数 τ=0.9,2024-04-16 00:00:00+00:00,29,34.871,20.979,0
高湿事件,分位数 τ=0.9,2024-04-16 00:00:00+00:00,30,34.722,21.881,0
高湿事件,分位数 τ=0.9,2024-04-16 00:00:00+00:00,31,35.236,23.154,0
高湿事件,分位数 τ=0.9,2024-04-16 00:00:00+00:00,32,36.388,24.114,0
高湿事件,分位数 τ=0.9,2024-04-16 00:00:00+00:00,33,38.027,24.636,0
高湿事件,分位数 τ=0.9,2024-04-16 00:00:00+00:00,34,39.872,33.472,0
高湿事件,分位数 τ=0.9,2024-04-16 00:00:00+00:00,35,41.622,34.805,0
高湿事件,分位数 τ=0.9,2024-04-16 00:00:00+00:00,36,43.017,35.566,0
高湿事件,分位数 τ=0.9,2024-04-16 00:00:00+00:00,37,43.945,35.766,0
高湿事件,分位数 τ=0.9,2024-04-16 00:00:00+00:00,38,44.44,36.173,0
高湿事件,分位数 τ=0.9,2024-04-16 00:00:00+00:00,39,44.628,37.136,0
高湿事件,分位数 τ=0.9,2024-04-16 00:00:00+00:00,40,44.641,38.26,0
高湿事件,分位数 τ=0.9,2024-04-16 00:00:00+00:00,41,44.61,38.968,0
高湿事件,分位数 τ=0.9,2024-04-16 00:00:00+00:00,42,44.622,39.579,0
高湿事件,分位数 τ=0.9,2024-04-16 00:00:00+00:00,43,44.707,41.385,0
高湿事件,分位数 τ=0.9,2024-04-16 00:00:00+00:00,44,44.833,44.677,0
高湿事件,分位数 τ=0.9,2024-04-16 00:00:00+00:00,45,44.905,48.238,0
高湿事件,分位数 τ=0.9,2024-04-16 00:00:00+00:00,46,44.79,50.302,0
高湿事件,分位数 τ=0.9,2024-04-16 00:00:00+00:00,47,44.336,50.884,0
高湿事件,分位数 τ=0.9,2024-04-16 00:00:00+00:00,48,43.462,49.478,0
高湿事件,分位数 τ=0.9,2024-04-16 00:00:00+00:00,49,42.202,45.995,0
高湿事件,分位数 τ=0.9,2024-04-16 00:00:00+00:00,50,40.714,43.438,0
高湿事件,分位数 τ=0.9,2024-04-16 00:00:00+00:00,51,39.204,42.059,0
高湿事件,分位数 τ=0.9,2024-04-16 00:00:00+00:00,52,37.9,41.31,0
高湿事件,分位数 τ=0.9,2024-04-16 00:00:00+00:00,53,37.011,40.808,0
高湿事件,分位数 τ=0.9,2024-04-16 00:00:00+00:00,54,36.703,40.422,0
高湿事件,分位数 τ=0.9,2024-04-16 00:00:00+00:00,55,37.056,40.253,0
高湿事件,分位数 τ=0.9,2024-04-16 00:00:00+00:00,56,38.058,39.807,0
高湿事件,分位数 τ=0.9,2024-04-16 00:00:00+00:00,57,39.565,41.881,0
高湿事件,分位数 τ=0.9,2024-04-16 00:00:00+00:00,58,41.292,53.107,0
高湿事件,分位数 τ=0.9,2024-04-16 00:00:00+00:00,59,42.932,58.805,0
高湿事件,分位数 τ=0.9,2024-04-16 00:00:00+00:00,60,44.225,65.753,0
高湿事件,分位数 τ=0.9,2024-04-16 00:00:00+00:00,61,45.067,71.753,0
高湿事件,分位数 τ=0.9,2024-04-16 00:00:00+00:00,62,45.494,76.018,0
高湿事件,分位数 τ=0.9,2024-04-16 00:00:00+00:00,63,45.633,78.783,0
高湿事件,分位数 τ=0.9,2024-04-16 00:00:00+00:00,64,45.611,79.441,0
高湿事件,分位数 τ=0.9,2024-04-16 00:00:00+00:00,65,45.556,78.659,0
高湿事件,分位数 τ=0.9,2024-04-16 00:00:00+00:00,66,45.553,77.684,0
高湿事件,分位数 τ=0.9,2024-04-16 00:00:00+00:00,67,45.631,77.065,0
高湿事件,分位数 τ=0.9,2024-04-16 00:00:00+00:00,68,45.755,80.185,0
高湿事件,分位数 τ=0.9,2024-04-16 00:00:00+00:00,69,45.831,80.973,0
高湿事件,分位数 τ=0.9,2024-04-16 00:00:00+00:00,70,45.727,81.275,0
高湿事件,分位数 τ=0.9,2024-04-16 00:00:00+00:00,71,45.286,81.24,0
高湿事件,分位数 τ=0.9,2024-04-16 00:00:00+00:00,72,44.42,89.016,0
高湿事件,分位数 τ=0.95,2024-04-16 00:00:00+00:00,0,33.239,24.753,0
高湿事件,分位数 τ=0.95,2024-04-16 00:00:00+00:00,1,32.212,21.517,0
高湿事件,分位数 τ=0.95,2024-04-16 00:00:00+00:00,2,31.106,19.916,0
高湿事件,分位数 τ=0.95,2024-04-16 00:00:00+00:00,3,30.099,19.289,0
高湿事件,分位数 τ=0.95,2024-04-16 00:00:00+00:00,4,29.391,18.517,0
高湿事件,分位数 τ=0.95,2024-04-16 00:00:00+00:00,5,29.169,17.772,0
高湿事件,分位数 τ=0.95,2024-04-16 00:00:00+00:00,6,29.569,17.223,0
高湿事件,分位数 τ=0.95,2024-04-16 00:00:00+00:00,7,30.644,17.107,0
高湿事件,分位数 τ=0.95,2024-04-16 00:00:00+00:00,8,32.335,17.219,0
高湿事件,分位数 τ=0.95,2024-04-16 00:00:00+00:00,9,34.455,17.637,0
高湿事件,分位数 τ=0.95,2024-04-16 00:00:00+00:00,10,36.728,27.594,0
高湿事件,分位数 τ=0.95,2024-04-16 00:00:00+00:00,11,38.872,29.976,0
高湿事件,分位数 τ=0.95,2024-04-16 00:00:00+00:00,12,40.632,31.459,0
高湿事件,分位数 τ=0.95,2024-04-16 00:00:00+00:00,13,41.893,32.305,0
高湿事件,分位数 τ=0.95,2024-04-16 00:00:00+00:00,14,42.681,32.84,0
高湿事件,分位数 τ=0.95,2024-04-16 00:00:00+00:00,15,43.12,32.901,0
高湿事件,分位数 τ=0.95,2024-04-16 00:00:00+00:00,16,43.353,32.551,0
高湿事件,分位数 τ=0.95,2024-04-16 00:00:00+00:00,17,43.518,32.293,0
高湿事件,分位数 τ=0.95,2024-04-16 00:00:00+00:00,18,43.714,32.14,0
高湿事件,分位数 τ=0.95,2024-04-16 00:00:00+00:00,19,43.984,31.919,0
高湿事件,分位数 τ=0.95,2024-04-16 00:00:00+00:00,20,44.308,31.538,0
高湿事件,分位数 τ=0.95,2024-04-16 00:00:00+00:00,21,44.615,31.4,0
高湿事件,分位数 τ=0.95,2024-04-16 00:00:00+00:00,22,44.777,31.554,0
高湿事件,分位数 τ=0.95,2024-04-16 00:00:00+00:00,23,44.648,31.788,0
高湿事件,分位数 τ=0.95,2024-04-16 00:00:00+00:00,24,44.116,23.786,0
高湿事件,分位数 τ=0.95,2024-04-16 00:00:00+00:00,25,43.181,21.811,0
高湿事件,分位数 τ=0.95,2024-04-16 00:00:00+00:00,26,41.979,21.2,0
高湿事件,分位数 τ=0.95,2024-04-16 00:00:00+00:00,27,40.702,20.692,0
高湿事件,分位数 τ=0.95,2024-04-16 00:00:00+00:00,28,39.567,20.516,0
高湿事件,分位数 τ=0.95,2024-04-16 00:00:00+00:00,29,38.791,20.979,0
高湿事件,分位数 τ=0.95,2024-04-16 00:00:00+00:00,30,38.544,21.881,0
高湿事件,分位数 τ=0.95,2024-04-16 00:00:00+00:00,31,38.914,23.154,0
高湿事件,分位数 τ=0.95,2024-04-16 00:00:00+00:00,32,39.893,24.114,0
高湿事件,分位数 τ=0.95,2024-04-16 00:00:00+00:00,33,41.343,24.636,0
高湿事件,分位数 τ=0.95,2024-04-16 00:00:00+00:00,34,43.017,33.472,0
高湿事件,分位数 τ=0.95,2024-04-16 00:00:00+00:00,35,44.633,34.805,0
高湿事件,分位数 τ=0.95,2024-04-16 00:00:00+00:00,36,45.947,35.566,0
高湿事件,分位数 τ=0.95,2024-04-16 00:00:00+00:00,37,46.837,35.766,0
高湿事件,分位数 τ=0.95,2024-04-16 00:00:00+00:00,38,47.305,36.173,0
高湿事件,分位数 τ=0.95,2024-04-16 00:00:00+00:00,39,47.462,37.136,0
高湿事件,分位数 τ=0.95,2024-04-16 00:00:00+00:00,40,47.447,38.26,0
高湿事件,分位数 τ=0.95,2024-04-16 00:00:00+00:00,41,47.396,38.968,0
高湿事件,分位数 τ=0.95,2024-04-16 00:00:00+00:00,42,47.415,39.579,0
高湿事件,分位数 τ=0.95,2024-04-16 00:00:00+00:00,43,47.543,41.385,0
高湿事件,分位数 τ=0.95,2024-04-16 00:00:00+00:00,44,47.762,44.677,0
高湿事件,分位数 τ=0.95,2024-04-16 00:00:00+00:00,45,47.978,48.238,0
高湿事件,分位数 τ=0.95,2024-04-16 00:00:00+00:00,46,48.06,50.302,0
高湿事件,分位数 τ=0.95,2024-04-16 00:00:00+00:00,47,47.847,50.884,0
高湿事件,分位数 τ=0.95,2024-04-16 00:00:00+00:00,48,47.217,49.478,0
高湿事件,分位数 τ=0.95,2024-04-16 00:00:00+00:00,49,46.173,45.995,0
高湿事件,分位数 τ=0.95,2024-04-16 00:00:00+00:00,50,44.842,43.438,0
高湿事件,分位数 τ=0.95,2024-04-16 00:00:00+00:00,51,43.417,42.059,0
高湿事件,分位数 τ=0.95,2024-04-16 00:00:00+00:00,52,42.126,41.31,0
高湿事件,分位数 τ=0.95,2024-04-16 00:00:00+00:00,53,41.182,40.808,0
高湿事件,分位数 τ=0.95,2024-04-16 00:00:00+00:00,54,40.754,40.422,0
高湿事件,分位数 τ=0.95,2024-04-16 00:00:00+00:00,55,40.946,40.253,0
高湿事件,分位数 τ=0.95,2024-04-16 00:00:00+00:00,56,41.758,39.807,0
高湿事件,分位数 τ=0.95,2024-04-16 00:00:00+00:00,57,43.066,41.881,0
高湿事件,分位数 τ=0.95,2024-04-16 00:00:00+00:00,58,44.613,53.107,0
高湿事件,分位数 τ=0.95,2024-04-16 00:00:00+00:00,59,46.107,58.805,0
高湿事件,分位数 τ=0.95,2024-04-16 00:00:00+00:00,60,47.302,65.753,0
高湿事件,分位数 τ=0.95,2024-04-16 00:00:00+00:00,61,48.083,71.753,0
高湿事件,分位数 τ=0.95,2024-04-16 00:00:00+00:00,62,48.46,76.018,0
高湿事件,分位数 τ=0.95,2024-04-16 00:00:00+00:00,63,48.547,78.783,0
高湿事件,分位数 τ=0.95,2024-04-16 00:00:00+00:00,64,48.484,79.441,0
高湿事件,分位数 τ=0.95,2024-04-16 00:00:00+00:00,65,48.403,78.659,0
高湿事件,分位数 τ=0.95,2024-04-16 00:00:00+00:00,66,48.404,77.684,0
高湿事件,分位数 τ=0.95,2024-04-16 00:00:00+00:00,67,48.53,77.065,0
高湿事件,分位数 τ=0.95,2024-04-16 00:00:00+00:00,68,48.757,80.185,0
高湿事件,分位数 τ=0.95,2024-04-16 00:00:00+00:00,69,48.992,80.973,0
高湿事件,分位数 τ=0.95,2024-04-16 00:00:00+00:00,70,49.107,81.275,0
高湿事件,分位数 τ=0.95,2024-04-16 00:00:00+00:00,71,48.927,81.24,0
高湿事件,分位数 τ=0.95,2024-04-16 00:00:00+00:00,72,48.327,89.016,0
偏高湿,线性 MSE,2024-06-17 03:00:00+00:00,0,34.139,36.847,0
偏高湿,线性 MSE,2024-06-17 03:00:00+00:00,1,32.843,36.073,0
偏高湿,线性 MSE,2024-06-17 03:00:00+00:00,2,32.062,35.721,0
偏高湿,线性 MSE,2024-06-17 03:00:00+00:00,3,31.903,35.526,0
偏高湿,线性 MSE,2024-06-17 03:00:00+00:00,4,32.427,35.778,0
偏高湿,线性 MSE,2024-06-17 03:00:00+00:00,5,33.591,36.751,0
偏高湿,线性 MSE,2024-06-17 03:00:00+00:00,6,35.228,38.019,0
偏高湿,线性 MSE,2024-06-17 03:00:00+00:00,7,37.087,45.057,0
偏高湿,线性 MSE,2024-06-17 03:00:00+00:00,8,38.972,45.521,0
偏高湿,线性 MSE,2024-06-17 03:00:00+00:00,9,40.721,46.035,0
偏高湿,线性 MSE,2024-06-17 03:00:00+00:00,10,42.223,46.582,0
偏高湿,线性 MSE,2024-06-17 03:00:00+00:00,11,43.355,46.72,0
偏高湿,线性 MSE,2024-06-17 03:00:00+00:00,12,44.071,46.97,0
偏高湿,线性 MSE,2024-06-17 03:00:00+00:00,13,44.37,47.012,0
偏高湿,线性 MSE,2024-06-17 03:00:00+00:00,14,44.292,46.744,0
偏高湿,线性 MSE,2024-06-17 03:00:00+00:00,15,43.946,46.242,0
偏高湿,线性 MSE,2024-06-17 03:00:00+00:00,16,43.489,45.687,0
偏高湿,线性 MSE,2024-06-17 03:00:00+00:00,17,42.974,45.251,0
偏高湿,线性 MSE,2024-06-17 03:00:00+00:00,18,42.328,45.011,0
偏高湿,线性 MSE,2024-06-17 03:00:00+00:00,19,41.442,45.143,0
偏高湿,线性 MSE,2024-06-17 03:00:00+00:00,20,40.214,44.935,0
偏高湿,线性 MSE,2024-06-17 03:00:00+00:00,21,38.693,40.006,0
偏高湿,线性 MSE,2024-06-17 03:00:00+00:00,22,36.988,40.303,0
偏高湿,线性 MSE,2024-06-17 03:00:00+00:00,23,35.244,40.925,0
偏高湿,线性 MSE,2024-06-17 03:00:00+00:00,24,33.652,40.684,0
偏高湿,线性 MSE,2024-06-17 03:00:00+00:00,25,32.419,39.919,0
偏高湿,线性 MSE,2024-06-17 03:00:00+00:00,26,31.674,39.425,0
偏高湿,线性 MSE,2024-06-17 03:00:00+00:00,27,31.529,39.247,0
偏高湿,线性 MSE,2024-06-17 03:00:00+00:00,28,32.043,39.402,0
偏高湿,线性 MSE,2024-06-17 03:00:00+00:00,29,33.176,39.685,0
偏高湿,线性 MSE,2024-06-17 03:00:00+00:00,30,34.77,40.24,0
偏高湿,线性 MSE,2024-06-17 03:00:00+00:00,31,36.586,46.535,0
偏高湿,线性 MSE,2024-06-17 03:00:00+00:00,32,38.433,46.384,0
偏高湿,线性 MSE,2024-06-17 03:00:00+00:00,33,40.155,45.884,0
偏高湿,线性 MSE,2024-06-17 03:00:00+00:00,34,41.64,45.039,0
偏高湿,线性 MSE,2024-06-17 03:00:00+00:00,35,42.763,44.211,0
偏高湿,线性 MSE,2024-06-17 03:00:00+00:00,36,43.477,43.686,0
偏高湿,线性 MSE,2024-06-17 03:00:00+00:00,37,43.783,43.411,0
偏高湿,线性 MSE,2024-06-17 03:00:00+00:00,38,43.718,43.299,0
偏高湿,线性 MSE,2024-06-17 03:00:00+00:00,39,43.393,44.012,0
偏高湿,线性 MSE,2024-06-17 03:00:00+00:00,40,42.963,46.223,0
偏高湿,线性 MSE,2024-06-17 03:00:00+00:00,41,42.475,49.419,0
偏高湿,线性 MSE,2024-06-17 03:00:00+00:00,42,41.852,52.785,0
偏高湿,线性 MSE,2024-06-17 03:00:00+00:00,43,40.985,55.845,0
偏高湿,线性 MSE,2024-06-17 03:00:00+00:00,44,39.777,58.557,0
偏高湿,线性 MSE,2024-06-17 03:00:00+00:00,45,38.275,69.119,0
偏高湿,线性 MSE,2024-06-17 03:00:00+00:00,46,36.593,68.892,0
偏高湿,线性 MSE,2024-06-17 03:00:00+00:00,47,34.875,68.301,0
偏高湿,线性 MSE,2024-06-17 03:00:00+00:00,48,33.31,66.978,0
偏高湿,线性 MSE,2024-06-17 03:00:00+00:00,49,32.1,65.951,0
偏高湿,线性 MSE,2024-06-17 03:00:00+00:00,50,31.371,65.278,0
偏高湿,线性 MSE,2024-06-17 03:00:00+00:00,51,31.233,64.284,0
偏高湿,线性 MSE,2024-06-17 03:00:00+00:00,52,31.747,63.0,0
偏高湿,线性 MSE,2024-06-17 03:00:00+00:00,53,32.876,62.037,0
偏高湿,线性 MSE,2024-06-17 03:00:00+00:00,54,34.462,61.066,0
偏高湿,线性 MSE,2024-06-17 03:00:00+00:00,55,36.272,60.017,0
偏高湿,线性 MSE,2024-06-17 03:00:00+00:00,56,38.114,58.284,0
偏高湿,线性 MSE,2024-06-17 03:00:00+00:00,57,39.83,57.795,0
偏高湿,线性 MSE,2024-06-17 03:00:00+00:00,58,41.311,58.02,0
偏高湿,线性 MSE,2024-06-17 03:00:00+00:00,59,42.434,58.125,0
偏高湿,线性 MSE,2024-06-17 03:00:00+00:00,60,43.159,57.925,0
偏高湿,线性 MSE,2024-06-17 03:00:00+00:00,61,43.487,57.458,0
偏高湿,线性 MSE,2024-06-17 03:00:00+00:00,62,43.453,56.821,0
偏高湿,线性 MSE,2024-06-17 03:00:00+00:00,63,43.162,56.235,0
偏高湿,线性 MSE,2024-06-17 03:00:00+00:00,64,42.765,55.874,0
偏高湿,线性 MSE,2024-06-17 03:00:00+00:00,65,42.301,55.571,0
偏高湿,线性 MSE,2024-06-17 03:00:00+00:00,66,41.69,55.859,0
偏高湿,线性 MSE,2024-06-17 03:00:00+00:00,67,40.822,56.712,0
偏高湿,线性 MSE,2024-06-17 03:00:00+00:00,68,39.602,57.372,0
偏高湿,线性 MSE,2024-06-17 03:00:00+00:00,69,38.078,62.173,0
偏高湿,线性 MSE,2024-06-17 03:00:00+00:00,70,36.364,65.621,0
偏高湿,线性 MSE,2024-06-17 03:00:00+00:00,71,34.608,72.107,0
偏高湿,线性 MSE,2024-06-17 03:00:00+00:00,72,33.006,72.899,0
偏高湿,分位数 τ=0.9,2024-06-17 03:00:00+00:00,0,40.268,36.847,0
偏高湿,分位数 τ=0.9,2024-06-17 03:00:00+00:00,1,39.221,36.073,0
偏高湿,分位数 τ=0.9,2024-06-17 03:00:00+00:00,2,38.618,35.721,0
偏高湿,分位数 τ=0.9,2024-06-17 03:00:00+00:00,3,38.563,35.526,0
偏高湿,分位数 τ=0.9,2024-06-17 03:00:00+00:00,4,39.113,35.778,0
偏高湿,分位数 τ=0.9,2024-06-17 03:00:00+00:00,5,40.245,36.751,0
偏高湿,分位数 τ=0.9,2024-06-17 03:00:00+00:00,6,41.816,38.019,0
偏高湿,分位数 τ=0.9,2024-06-17 03:00:00+00:00,7,43.6,45.057,0
偏高湿,分位数 τ=0.9,2024-06-17 03:00:00+00:00,8,45.399,45.521,0
偏高湿,分位数 τ=0.9,2024-06-17 03:00:00+00:00,9,47.052,46.035,0
偏高湿,分位数 τ=0.9,2024-06-17 03:00:00+00:00,10,48.447,46.582,0
偏高湿,分位数 τ=0.9,2024-06-17 03:00:00+00:00,11,49.484,46.72,0
偏高湿,分位数 τ=0.9,2024-06-17 03:00:00+00:00,12,50.14,46.97,0
偏高湿,分位数 τ=0.9,2024-06-17 03:00:00+00:00,13,50.44,47.012,0
偏高湿,分位数 τ=0.9,2024-06-17 03:00:00+00:00,14,50.443,46.744,0
偏高湿,分位数 τ=0.9,2024-06-17 03:00:00+00:00,15,50.261,46.242,0
偏高湿,分位数 τ=0.9,2024-06-17 03:00:00+00:00,16,50.027,45.687,0
偏高湿,分位数 τ=0.9,2024-06-17 03:00:00+00:00,17,49.795,45.251,0
偏高湿,分位数 τ=0.9,2024-06-17 03:00:00+00:00,18,49.515,45.011,0
偏高湿,分位数 τ=0.9,2024-06-17 03:00:00+00:00,19,49.093,45.143,0
偏高湿,分位数 τ=0.9,2024-06-17 03:00:00+00:00,20,48.421,44.935,0
偏高湿,分位数 τ=0.9,2024-06-17 03:00:00+00:00,21,47.487,40.006,0
偏高湿,分位数 τ=0.9,2024-06-17 03:00:00+00:00,22,46.341,40.303,0
偏高湿,分位数 τ=0.9,2024-06-17 03:00:00+00:00,23,45.07,40.925,0
偏高湿,分位数 τ=0.9,2024-06-17 03:00:00+00:00,24,43.806,40.684,0
偏高湿,分位数 τ=0.9,2024-06-17 03:00:00+00:00,25,42.719,39.919,0
偏高湿,分位数 τ=0.9,2024-06-17 03:00:00+00:00,26,41.957,39.425,0
偏高湿,分位数 τ=0.9,2024-06-17 03:00:00+00:00,27,41.647,39.247,0
偏高湿,分位数 τ=0.9,2024-06-17 03:00:00+00:00,28,41.874,39.402,0
偏高湿,分位数 τ=0.9,2024-06-17 03:00:00+00:00,29,42.641,39.685,0
偏高湿,分位数 τ=0.9,2024-06-17 03:00:00+00:00,30,43.849,40.24,0
偏高湿,分位数 τ=0.9,2024-06-17 03:00:00+00:00,31,45.306,46.535,0
偏高湿,分位数 τ=0.9,2024-06-17 03:00:00+00:00,32,46.831,46.384,0
偏高湿,分位数 τ=0.9,2024-06-17 03:00:00+00:00,33,48.268,45.884,0
偏高湿,分位数 τ=0.9,2024-06-17 03:00:00+00:00,34,49.501,45.039,0
偏高湿,分位数 τ=0.9,2024-06-17 03:00:00+00:00,35,50.419,44.211,0
偏高湿,分位数 τ=0.9,2024-06-17 03:00:00+00:00,36,50.986,43.686,0
偏高湿,分位数 τ=0.9,2024-06-17 03:00:00+00:00,37,51.218,43.411,0
偏高湿,分位数 τ=0.9,2024-06-17 03:00:00+00:00,38,51.172,43.299,0
偏高湿,分位数 τ=0.9,2024-06-17 03:00:00+00:00,39,50.955,44.012,0
偏高湿,分位数 τ=0.9,2024-06-17 03:00:00+00:00,40,50.692,46.223,0
偏高湿,分位数 τ=0.9,2024-06-17 03:00:00+00:00,41,50.431,49.419,0
偏高湿,分位数 τ=0.9,2024-06-17 03:00:00+00:00,42,50.126,52.785,0
偏高湿,分位数 τ=0.9,2024-06-17 03:00:00+00:00,43,49.696,55.845,0
偏高湿,分位数 τ=0.9,2024-06-17 03:00:00+00:00,44,49.035,58.557,0
偏高湿,分位数 τ=0.9,2024-06-17 03:00:00+00:00,45,48.117,69.119,0
偏高湿,分位数 τ=0.9,2024-06-17 03:00:00+00:00,46,46.988,68.892,0
偏高湿,分位数 τ=0.9,2024-06-17 03:00:00+00:00,47,45.731,68.301,0
偏高湿,分位数 τ=0.9,2024-06-17 03:00:00+00:00,48,44.47,66.978,0
偏高湿,分位数 τ=0.9,2024-06-17 03:00:00+00:00,49,43.365,65.951,0
偏高湿,分位数 τ=0.9,2024-06-17 03:00:00+00:00,50,42.551,65.278,0
偏高湿,分位数 τ=0.9,2024-06-17 03:00:00+00:00,51,42.159,64.284,0
偏高湿,分位数 τ=0.9,2024-06-17 03:00:00+00:00,52,42.28,63.0,0
偏高湿,分位数 τ=0.9,2024-06-17 03:00:00+00:00,53,42.935,62.037,0
偏高湿,分位数 τ=0.9,2024-06-17 03:00:00+00:00,54,44.042,61.066,0
偏高湿,分位数 τ=0.9,2024-06-17 03:00:00+00:00,55,45.425,60.017,0
偏高湿,分位数 τ=0.9,2024-06-17 03:00:00+00:00,56,46.899,58.284,0
偏高湿,分位数 τ=0.9,2024-06-17 03:00:00+00:00,57,48.302,57.795,0
偏高湿,分位数 τ=0.9,2024-06-17 03:00:00+00:00,58,49.505,58.02,0
偏高湿,分位数 τ=0.9,2024-06-17 03:00:00+00:00,59,50.408,58.125,0
偏高湿,分位数 τ=0.9,2024-06-17 03:00:00+00:00,60,50.986,57.925,0
偏高湿,分位数 τ=0.9,2024-06-17 03:00:00+00:00,61,51.258,57.458,0
偏高湿,分位数 τ=0.9,2024-06-17 03:00:00+00:00,62,51.274,56.821,0
偏高湿,分位数 τ=0.9,2024-06-17 03:00:00+00:00,63,51.129,56.235,0
偏高湿,分位数 τ=0.9,2024-06-17 03:00:00+00:00,64,50.933,55.874,0
偏高湿,分位数 τ=0.9,2024-06-17 03:00:00+00:00,65,50.723,55.571,0
偏高湿,分位数 τ=0.9,2024-06-17 03:00:00+00:00,66,50.448,55.859,0
偏高湿,分位数 τ=0.9,2024-06-17 03:00:00+00:00,67,50.031,56.712,0
偏高湿,分位数 τ=0.9,2024-06-17 03:00:00+00:00,68,49.372,57.372,0
偏高湿,分位数 τ=0.9,2024-06-17 03:00:00+00:00,69,48.443,62.173,0
偏高湿,分位数 τ=0.9,2024-06-17 03:00:00+00:00,70,47.275,65.621,0
偏高湿,分位数 τ=0.9,2024-06-17 03:00:00+00:00,71,45.958,72.107,0
偏高湿,分位数 τ=0.9,2024-06-17 03:00:00+00:00,72,44.632,72.899,0
偏高湿,分位数 τ=0.95,2024-06-17 03:00:00+00:00,0,42.323,36.847,0
偏高湿,分位数 τ=0.95,2024-06-17 03:00:00+00:00,1,41.412,36.073,0
偏高湿,分位数 τ=0.95,2024-06-17 03:00:00+00:00,2,40.921,35.721,0
偏高湿,分位数 τ=0.95,2024-06-17 03:00:00+00:00,3,40.954,35.526,0
偏高湿,分位数 τ=0.95,2024-06-17 03:00:00+00:00,4,41.559,35.778,0
偏高湿,分位数 τ=0.95,2024-06-17 03:00:00+00:00,5,42.703,36.751,0
偏高湿,分位数 τ=0.95,2024-06-17 03:00:00+00:00,6,44.258,38.019,0
偏高湿,分位数 τ=0.95,2024-06-17 03:00:00+00:00,7,46.014,45.057,0
偏高湿,分位数 τ=0.95,2024-06-17 03:00:00+00:00,8,47.781,45.521,0
偏高湿,分位数 τ=0.95,2024-06-17 03:00:00+00:00,9,49.408,46.035,0
偏高湿,分位数 τ=0.95,2024-06-17 03:00:00+00:00,10,50.774,46.582,0
偏高湿,分位数 τ=0.95,2024-06-17 03:00:00+00:00,11,51.787,46.72,0
偏高湿,分位数 τ=0.95,2024-06-17 03:00:00+00:00,12,52.426,46.97,0
偏高湿,分位数 τ=0.95,2024-06-17 03:00:00+00:00,13,52.729,47.012,0
偏高湿,分位数 τ=0.95,2024-06-17 03:00:00+00:00,14,52.767,46.744,0
偏高湿,分位数 τ=0.95,2024-06-17 03:00:00+00:00,15,52.646,46.242,0
偏高湿,分位数 τ=0.95,2024-06-17 03:00:00+00:00,16,52.497,45.687,0
偏高湿,分位数 τ=0.95,2024-06-17 03:00:00+00:00,17,52.379,45.251,0
偏高湿,分位数 τ=0.95,2024-06-17 03:00:00+00:00,18,52.255,45.011,0
偏高湿,分位数 τ=0.95,2024-06-17 03:00:00+00:00,19,52.037,45.143,0
偏高湿,分位数 τ=0.95,2024-06-17 03:00:00+00:00,20,51.609,44.935,0
偏高湿,分位数 τ=0.95,2024-06-17 03:00:00+00:00,21,50.923,40.006,0
偏高湿,分位数 τ=0.95,2024-06-17 03:00:00+00:00,22,50.001,40.303,0
偏高湿,分位数 τ=0.95,2024-06-17 03:00:00+00:00,23,48.908,40.925,0
偏高湿,分位数 τ=0.95,2024-06-17 03:00:00+00:00,24,47.758,40.684,0
偏高湿,分位数 τ=0.95,2024-06-17 03:00:00+00:00,25,46.715,39.919,0
偏高湿,分位数 τ=0.95,2024-06-17 03:00:00+00:00,26,45.938,39.425,0
偏高湿,分位数 τ=0.95,2024-06-17 03:00:00+00:00,27,45.557,39.247,0
偏高湿,分位数 τ=0.95,2024-06-17 03:00:00+00:00,28,45.658,39.402,0
偏高湿,分位数 τ=0.95,2024-06-17 03:00:00+00:00,29,46.265,39.685,0
偏高湿,分位数 τ=0.95,2024-06-17 03:00:00+00:00,30,47.309,40.24,0
偏高湿,分位数 τ=0.95,2024-06-17 03:00:00+00:00,31,48.623,46.535,0
偏高湿,分位数 τ=0.95,2024-06-17 03:00:00+00:00,32,50.024,46.384,0
偏高湿,分位数 τ=0.95,2024-06-17 03:00:00+00:00,33,51.357,45.884,0
偏高湿,分位数 τ=0.95,2024-06-17 03:00:00+00:00,34,52.501,45.039,0
偏高湿,分位数 τ=0.95,2024-06-17 03:00:00+00:00,35,53.348,44.211,0
偏高湿,分位数 τ=0.95,2024-06-17 03:00:00+00:00,36,53.857,43.686,0
偏高湿,分位数 τ=0.95,2024-06-17 03:00:00+00:00,37,54.058,43.411,0
偏高湿,分位数 τ=0.95,2024-06-17 03:00:00+00:00,38,54.013,43.299,0
偏高湿,分位数 τ=0.95,2024-06-17 03:00:00+00:00,39,53.828,44.012,0
偏高湿,分位数 τ=0.95,2024-06-17 03:00:00+00:00,40,53.62,46.223,0
偏高湿,分位数 τ=0.95,2024-06-17 03:00:00+00:00,41,53.439,49.419,0
偏高湿,分位数 τ=0.95,2024-06-17 03:00:00+00:00,42,53.256,52.785,0
偏高湿,分位数 τ=0.95,2024-06-17 03:00:00+00:00,43,52.996,55.845,0
偏高湿,分位数 τ=0.95,2024-06-17 03:00:00+00:00,44,52.55,58.557,0
偏高湿,分位数 τ=0.95,2024-06-17 03:00:00+00:00,45,51.863,69.119,0
偏高湿,分位数 τ=0.95,2024-06-17 03:00:00+00:00,46,50.947,68.892,0
偏高湿,分位数 τ=0.95,2024-06-17 03:00:00+00:00,47,49.863,68.301,0
偏高湿,分位数 τ=0.95,2024-06-17 03:00:00+00:00,48,48.711,66.978,0
偏高湿,分位数 τ=0.95,2024-06-17 03:00:00+00:00,49,47.633,65.951,0
偏高湿,分位数 τ=0.95,2024-06-17 03:00:00+00:00,50,46.772,65.278,0
偏高湿,分位数 τ=0.95,2024-06-17 03:00:00+00:00,51,46.263,64.284,0
偏高湿,分位数 τ=0.95,2024-06-17 03:00:00+00:00,52,46.213,63.0,0
偏高湿,分位数 τ=0.95,2024-06-17 03:00:00+00:00,53,46.664,62.037,0
偏高湿,分位数 τ=0.95,2024-06-17 03:00:00+00:00,54,47.568,61.066,0
偏高湿,分位数 τ=0.95,2024-06-17 03:00:00+00:00,55,48.777,60.017,0
偏高湿,分位数 τ=0.95,2024-06-17 03:00:00+00:00,56,50.111,58.284,0
偏高湿,分位数 τ=0.95,2024-06-17 03:00:00+00:00,57,51.408,57.795,0
偏高湿,分位数 τ=0.95,2024-06-17 03:00:00+00:00,58,52.527,58.02,0
偏高湿,分位数 τ=0.95,2024-06-17 03:00:00+00:00,59,53.361,58.125,0
偏高湿,分位数 τ=0.95,2024-06-17 03:00:00+00:00,60,53.888,57.925,0
偏高湿,分位数 τ=0.95,2024-06-17 03:00:00+00:00,61,54.137,57.458,0
偏高湿,分位数 τ=0.95,2024-06-17 03:00:00+00:00,62,54.167,56.821,0
偏高湿,分位数 τ=0.95,2024-06-17 03:00:00+00:00,63,54.071,56.235,0
偏高湿,分位数 τ=0.95,2024-06-17 03:00:00+00:00,64,53.953,55.874,0
偏高湿,分位数 τ=0.95,2024-06-17 03:00:00+00:00,65,53.847,55.571,0
偏高湿,分位数 τ=0.95,2024-06-17 03:00:00+00:00,66,53.714,55.859,0
偏高湿,分位数 τ=0.95,2024-06-17 03:00:00+00:00,67,53.48,56.712,0
偏高湿,分位数 τ=0.95,2024-06-17 03:00:00+00:00,68,53.047,57.372,0
偏高湿,分位数 τ=0.95,2024-06-17 03:00:00+00:00,69,52.349,62.173,0
偏高湿,分位数 τ=0.95,2024-06-17 03:00:00+00:00,70,51.386,65.621,0
偏高湿,分位数 τ=0.95,2024-06-17 03:00:00+00:00,71,50.222,72.107,0
偏高湿,分位数 τ=0.95,2024-06-17 03:00:00+00:00,72,48.987,72.899,0
平稳期,线性 MSE,2025-09-11 20:00:00+00:00,0,36.319,34.338,0
平稳期,线性 MSE,2025-09-11 20:00:00+00:00,1,36.16,34.414,0
平稳期,线性 MSE,2025-09-11 20:00:00+00:00,2,35.671,34.429,0
平稳期,线性 MSE,2025-09-11 20:00:00+00:00,3,34.67,34.341,0
平稳期,线性 MSE,2025-09-11 20:00:00+00:00,4,33.141,27.212,0
平稳期,线性 MSE,2025-09-11 20:00:00+00:00,5,31.249,24.851,0
平稳期,线性 MSE,2025-09-11 20:00:00+00:00,6,29.317,23.605,0
平稳期,线性 MSE,2025-09-11 20:00:00+00:00,7,27.631,22.53,0
平稳期,线性 MSE,2025-09-11 20:00:00+00:00,8,26.406,21.928,0
平稳期,线性 MSE,2025-09-11 20:00:00+00:00,9,25.763,21.552,0
平稳期,线性 MSE,2025-09-11 20:00:00+00:00,10,25.763,21.254,0
平稳期,线性 MSE,2025-09-11 20:00:00+00:00,11,26.43,21.126,0
平稳期,线性 MSE,2025-09-11 20:00:00+00:00,12,27.764,21.362,0
平稳期,线性 MSE,2025-09-11 20:00:00+00:00,13,29.66,22.103,0
平稳期,线性 MSE,2025-09-11 20:00:00+00:00,14,31.813,29.202,0
平稳期,线性 MSE,2025-09-11 20:00:00+00:00,15,33.866,32.55,0
平稳期,线性 MSE,2025-09-11 20:00:00+00:00,16,35.454,34.789,0
平稳期,线性 MSE,2025-09-11 20:00:00+00:00,17,36.441,35.963,0
平稳期,线性 MSE,2025-09-11 20:00:00+00:00,18,36.904,36.302,0
平稳期,线性 MSE,2025-09-11 20:00:00+00:00,19,37.013,36.366,0
平稳期,线性 MSE,2025-09-11 20:00:00+00:00,20,36.94,36.301,0
平稳期,线性 MSE,2025-09-11 20:00:00+00:00,21,36.808,36.159,0
平稳期,线性 MSE,2025-09-11 20:00:00+00:00,22,36.668,36.053,0
平稳期,线性 MSE,2025-09-11 20:00:00+00:00,23,36.542,35.941,0
平稳期,线性 MSE,2025-09-11 20:00:00+00:00,24,36.401,35.736,0
平稳期,线性 MSE,2025-09-11 20:00:00+00:00,25,36.118,35.472,0
平稳期,线性 MSE,2025-09-11 20:00:00+00:00,26,35.539,35.212,0
平稳期,线性 MSE,2025-09-11 20:00:00+00:00,27,34.479,34.924,0
平稳期,线性 MSE,2025-09-11 20:00:00+00:00,28,32.916,28.296,0
平稳期,线性 MSE,2025-09-11 20:00:00+00:00,29,31.007,27.416,0
平稳期,线性 MSE,2025-09-11 20:00:00+00:00,30,29.064,28.687,0
平稳期,线性 MSE,2025-09-11 20:00:00+00:00,31,27.367,27.661,0
平稳期,线性 MSE,2025-09-11 20:00:00+00:00,32,26.124,26.254,0
平稳期,线性 MSE,2025-09-11 20:00:00+00:00,33,25.453,24.933,0
平稳期,线性 MSE,2025-09-11 20:00:00+00:00,34,25.412,23.476,0
平稳期,线性 MSE,2025-09-11 20:00:00+00:00,35,26.029,22.175,0
平稳期,线性 MSE,2025-09-11 20:00:00+00:00,36,27.307,21.124,0
平稳期,线性 MSE,2025-09-11 20:00:00+00:00,37,29.148,20.472,0
平稳期,线性 MSE,2025-09-11 20:00:00+00:00,38,31.25,27.514,0
平稳期,线性 MSE,2025-09-11 20:00:00+00:00,39,33.254,31.444,0
平稳期,线性 MSE,2025-09-11 20:00:00+00:00,40,34.8,32.447,0
平稳期,线性 MSE,2025-09-11 20:00:00+00:00,41,35.751,32.713,0
平稳期,线性 MSE,2025-09-11 20:00:00+00:00,42,36.186,32.816,0
平稳期,线性 MSE,2025-09-11 20:00:00+00:00,43,36.277,32.801,0
平稳期,线性 MSE,2025-09-11 20:00:00+00:00,44,36.195,32.639,0
平稳期,线性 MSE,2025-09-11 20:00:00+00:00,45,36.064,32.397,0
平稳期,线性 MSE,2025-09-11 20:00:00+00:00,46,35.933,31.971,0
平稳期,线性 MSE,2025-09-11 20:00:00+00:00,47,35.823,31.365,0
平稳期,线性 MSE,2025-09-11 20:00:00+00:00,48,35.7,30.64,0
平稳期,线性 MSE,2025-09-11 20:00:00+00:00,49,35.438,29.872,0
平稳期,线性 MSE,2025-09-11 20:00:00+00:00,50,34.881,29.22,0
平稳期,线性 MSE,2025-09-11 20:00:00+00:00,51,33.85,28.788,0
平稳期,线性 MSE,2025-09-11 20:00:00+00:00,52,32.317,17.798,0
平稳期,线性 MSE,2025-09-11 20:00:00+00:00,53,30.442,15.443,0
平稳期,线性 MSE,2025-09-11 20:00:00+00:00,54,28.536,16.776,0
平稳期,线性 MSE,2025-09-11 20:00:00+00:00,55,26.871,17.439,0
平稳期,线性 MSE,2025-09-11 20:00:00+00:00,56,25.648,17.496,0
平稳期,线性 MSE,2025-09-11 20:00:00+00:00,57,24.987,17.788,0
平稳期,线性 MSE,2025-09-11 20:00:00+00:00,58,24.949,18.565,0
平稳期,线性 MSE,2025-09-11 20:00:00+00:00,59,25.565,19.388,0
平稳期,线性 MSE,2025-09-11 20:00:00+00:00,60,26.842,19.968,0
平稳期,线性 MSE,2025-09-11 20:00:00+00:00,61,28.685,20.809,0
平稳期,线性 MSE,2025-09-11 20:00:00+00:00,62,30.791,28.177,0
平稳期,线性 MSE,2025-09-11 20:00:00+00:00,63,32.799,31.239,0
平稳期,线性 MSE,2025-09-11 20:00:00+00:00,64,34.349,33.233,0
平稳期,线性 MSE,2025-09-11 20:00:00+00:00,65,35.313,34.762,0
平稳期,线性 MSE,2025-09-11 20:00:00+00:00,66,35.769,36.117,0
平稳期,线性 MSE,2025-09-11 20:00:00+00:00,67,35.89,37.421,0
平稳期,线性 MSE,2025-09-11 20:00:00+00:00,68,35.847,38.527,0
平稳期,线性 MSE,2025-09-11 20:00:00+00:00,69,35.758,39.306,0
平稳期,线性 MSE,2025-09-11 20:00:00+00:00,70,35.668,39.841,0
平稳期,线性 MSE,2025-09-11 20:00:00+00:00,71,35.593,40.162,0
平稳期,线性 MSE,2025-09-11 20:00:00+00:00,72,35.5,40.301,0
平稳期,分位数 τ=0.9,2025-09-11 20:00:00+00:00,0,39.323,34.338,0
平稳期,分位数 τ=0.9,2025-09-11 20:00:00+00:00,1,39.539,34.414,0
平稳期,分位数 τ=0.9,2025-09-11 20:00:00+00:00,2,39.548,34.429,0
平稳期,分位数 τ=0.9,2025-09-11 20:00:00+00:00,3,39.141,34.341,0
平稳期,分位数 τ=0.9,2025-09-11 20:00:00+00:00,4,38.24,27.212,0
平稳期,分位数 τ=0.9,2025-09-11 20:00:00+00:00,5,36.924,24.851,0
平稳期,分位数 τ=0.9,2025-09-11 20:00:00+00:00,6,35.414,23.605,0
平稳期,分位数 τ=0.9,2025-09-11 20:00:00+00:00,7,33.965,22.53,0
平稳期,分位数 τ=0.9,2025-09-11 20:00:00+00:00,8,32.797,21.928,0
平稳期,分位数 τ=0.9,2025-09-11 20:00:00+00:00,9,32.087,21.552,0
平稳期,分位数 τ=0.9,2025-09-11 20:00:00+00:00,10,31.943,21.254,0
平稳期,分位数 τ=0.9,2025-09-11 20:00:00+00:00,11,32.422,21.126,0
平稳期,分位数 τ=0.9,2025-09-11 20:00:00+00:00,12,33.511,21.362,0
平稳期,分位数 τ=0.9,2025-09-11 20:00:00+00:00,13,35.112,22.103,0
平稳期,分位数 τ=0.9,2025-09-11 20:00:00+00:00,14,36.954,29.202,0
平稳期,分位数 τ=0.9,2025-09-11 20:00:00+00:00,15,38.729,32.55,0
平稳期,分位数 τ=0.9,2025-09-11 20:00:00+00:00,16,40.136,34.789,0
平稳期,分位数 τ=0.9,2025-09-11 20:00:00+00:00,17,41.03,35.963,0
平稳期,分位数 τ=0.9,2025-09-11 20:00:00+00:00,18,41.428,36.302,0
平稳期,分位数 τ=0.9,2025-09-11 20:00:00+00:00,19,41.467,36.366,0
平稳期,分位数 τ=0.9,2025-09-11 20:00:00+00:00,20,41.323,36.301,0
平稳期,分位数 τ=0.9,2025-09-11 20:00:00+00:00,21,41.139,36.159,0
平稳期,分位数 τ=0.9,2025-09-11 20:00:00+00:00,22,41.0,36.053,0
平稳期,分位数 τ=0.9,2025-09-11 20:00:00+00:00,23,40.96,35.941,0
平稳期,分位数 τ=0.9,2025-09-11 20:00:00+00:00,24,41.005,35.736,0
平稳期,分位数 τ=0.9,2025-09-11 20:00:00+00:00,25,41.035,35.472,0
平稳期,分位数 τ=0.9,2025-09-11 20:00:00+00:00,26,40.91,35.212,0
平稳期,分位数 τ=0.9,2025-09-11 20:00:00+00:00,27,40.447,34.924,0
平稳期,分位数 τ=0.9,2025-09-11 20:00:00+00:00,28,39.54,28.296,0
平稳期,分位数 τ=0.9,2025-09-11 20:00:00+00:00,29,38.222,27.416,0
平稳期,分位数 τ=0.9,2025-09-11 20:00:00+00:00,30,36.682,28.687,0
平稳期,分位数 τ=0.9,2025-09-11 20:00:00+00:00,31,35.157,27.661,0
平稳期,分位数 τ=0.9,2025-09-11 20:00:00+00:00,32,33.873,26.254,0
平稳期,分位数 τ=0.9,2025-09-11 20:00:00+00:00,33,33.018,24.933,0
平稳期,分位数 τ=0.9,2025-09-11 20:00:00+00:00,34,32.719,23.476,0
平稳期,分位数 τ=0.9,2025-09-11 20:00:00+00:00,35,33.035,22.175,0
平稳期,分位数 τ=0.9,2025-09-11 20:00:00+00:00,36,33.964,21.124,0
平稳期,分位数 τ=0.9,2025-09-11 20:00:00+00:00,37,35.406,20.472,0
平稳期,分位数 τ=0.9,2025-09-11 20:00:00+00:00,38,37.104,27.514,0
平稳期,分位数 τ=0.9,2025-09-11 20:00:00+00:00,39,38.759,31.444,0
平稳期,分位数 τ=0.9,2025-09-11 20:00:00+00:00,40,40.079,32.447,0
平稳期,分位数 τ=0.9,2025-09-11 20:00:00+00:00,41,40.909,32.713,0
平稳期,分位数 τ=0.9,2025-09-11 20:00:00+00:00,42,41.265,32.816,0
平稳期,分位数 τ=0.9,2025-09-11 20:00:00+00:00,43,41.273,32.801,0
平稳期,分位数 τ=0.9,2025-09-11 20:00:00+00:00,44,41.102,32.639,0
平稳期,分位数 τ=0.9,2025-09-11 20:00:00+00:00,45,40.894,32.397,0
平稳期,分位数 τ=0.9,2025-09-11 20:00:00+00:00,46,40.741,31.971,0
平稳期,分位数 τ=0.9,2025-09-11 20:00:00+00:00,47,40.685,31.365,0
平稳期,分位数 τ=0.9,2025-09-11 20:00:00+00:00,48,40.715,30.64,0
平稳期,分位数 τ=0.9,2025-09-11 20:00:00+00:00,49,40.738,29.872,0
平稳期,分位数 τ=0.9,2025-09-11 20:00:00+00:00,50,40.624,29.22,0
平稳期,分位数 τ=0.9,2025-09-11 20:00:00+00:00,51,40.194,28.788,0
平稳期,分位数 τ=0.9,2025-09-11 20:00:00+00:00,52,39.332,17.798,0
平稳期,分位数 τ=0.9,2025-09-11 20:00:00+00:00,53,38.067,15.443,0
平稳期,分位数 τ=0.9,2025-09-11 20:00:00+00:00,54,36.575,16.776,0
平稳期,分位数 τ=0.9,2025-09-11 20:00:00+00:00,55,35.085,17.439,0
平稳期,分位数 τ=0.9,2025-09-11 20:00:00+00:00,56,33.81,17.496,0
平稳期,分位数 τ=0.9,2025-09-11 20:00:00+00:00,57,32.938,17.788,0
平稳期,分位数 τ=0.9,2025-09-11 20:00:00+00:00,58,32.602,18.565,0
平稳期,分位数 τ=0.9,2025-09-11 20:00:00+00:00,59,32.874,19.388,0
平稳期,分位数 τ=0.9,2025-09-11 20:00:00+00:00,60,33.765,19.968,0
平稳期,分位数 τ=0.9,2025-09-11 20:00:00+00:00,61,35.175,20.809,0
平稳期,分位数 τ=0.9,2025-09-11 20:00:00+00:00,62,36.852,28.177,0
平稳期,分位数 τ=0.9,2025-09-11 20:00:00+00:00,63,38.486,31.239,0
平稳期,分位数 τ=0.9,2025-09-11 20:00:00+00:00,64,39.793,33.233,0
平稳期,分位数 τ=0.9,2025-09-11 20:00:00+00:00,65,40.63,34.762,0
平稳期,分位数 τ=0.9,2025-09-11 20:00:00+00:00,66,41.016,36.117,0
平稳期,分位数 τ=0.9,2025-09-11 20:00:00+00:00,67,41.081,37.421,0
平稳期,分位数 τ=0.9,2025-09-11 20:00:00+00:00,68,40.986,38.527,0
平稳期,分位数 τ=0.9,2025-09-11 20:00:00+00:00,69,40.867,39.306,0
平稳期,分位数 τ=0.9,2025-09-11 20:00:00+00:00,70,40.806,39.841,0
平稳期,分位数 τ=0.9,2025-09-11 20:00:00+00:00,71,40.84,40.162,0
平稳期,分位数 τ=0.9,2025-09-11 20:00:00+00:00,72,40.951,40.301,0
平稳期,分位数 τ=0.95,2025-09-11 20:00:00+00:00,0,40.417,34.338,0
平稳期,分位数 τ=0.95,2025-09-11 20:00:00+00:00,1,40.776,34.414,0
平稳期,分位数 τ=0.95,2025-09-11 20:00:00+00:00,2,40.972,34.429,0
平稳期,分位数 τ=0.95,2025-09-11 20:00:00+00:00,3,40.812,34.341,0
平稳期,分位数 τ=0.95,2025-09-11 20:00:00+00:00,4,40.192,27.212,0
平稳期,分位数 τ=0.95,2025-09-11 20:00:00+00:00,5,39.128,24.851,0
平稳期,分位数 τ=0.95,2025-09-11 20:00:00+00:00,6,37.805,23.605,0
平稳期,分位数 τ=0.95,2025-09-11 20:00:00+00:00,7,36.457,22.53,0
平稳期,分位数 τ=0.95,2025-09-11 20:00:00+00:00,8,35.316,21.928,0
平稳期,分位数 τ=0.95,2025-09-11 20:00:00+00:00,9,34.579,21.552,0
平稳期,分位数 τ=0.95,2025-09-11 20:00:00+00:00,10,34.379,21.254,0
平稳期,分位数 τ=0.95,2025-09-11 20:00:00+00:00,11,34.774,21.126,0
平稳期,分位数 τ=0.95,2025-09-11 20:00:00+00:00,12,35.767,21.362,0
平稳期,分位数 τ=0.95,2025-09-11 20:00:00+00:00,13,37.235,22.103,0
平稳期,分位数 τ=0.95,2025-09-11 20:00:00+00:00,14,38.934,29.202,0
平稳期,分位数 τ=0.95,2025-09-11 20:00:00+00:00,15,40.591,32.55,0
平稳期,分位数 τ=0.95,2025-09-11 20:00:00+00:00,16,41.921,34.789,0
平稳期,分位数 τ=0.95,2025-09-11 20:00:00+00:00,17,42.775,35.963,0
平稳期,分位数 τ=0.95,2025-09-11 20:00:00+00:00,18,43.138,36.302,0
平稳期,分位数 τ=0.95,2025-09-11 20:00:00+00:00,19,43.14,36.366,0
平稳期,分位数 τ=0.95,2025-09-11 20:00:00+00:00,20,42.966,36.301,0
平稳期,分位数 τ=0.95,2025-09-11 20:00:00+00:00,21,42.754,36.159,0
平稳期,分位数 τ=0.95,2025-09-11 20:00:00+00:00,22,42.617,36.053,0
平稳期,分位数 τ=0.95,2025-09-11 20:00:00+00:00,23,42.594,35.941,0
平稳期,分位数 τ=0.95,2025-09-11 20:00:00+00:00,24,42.702,35.736,0
平稳期,分位数 τ=0.95,2025-09-11 20:00:00+00:00,25,42.847,35.472,0
平稳期,分位数 τ=0.95,2025-09-11 20:00:00+00:00,26,42.897,35.212,0
平稳期,分位数 τ=0.95,2025-09-11 20:00:00+00:00,27,42.667,34.924,0
平稳期,分位数 τ=0.95,2025-09-11 20:00:00+00:00,28,42.021,28.296,0
平稳期,分位数 τ=0.95,2025-09-11 20:00:00+00:00,29,40.945,27.416,0
平稳期,分位数 τ=0.95,2025-09-11 20:00:00+00:00,30,39.578,28.687,0
平稳期,分位数 τ=0.95,2025-09-11 20:00:00+00:00,31,38.13,27.661,0
平稳期,分位数 τ=0.95,2025-09-11 20:00:00+00:00,32,36.839,26.254,0
平稳期,分位数 τ=0.95,2025-09-11 20:00:00+00:00,33,35.915,24.933,0
平稳期,分位数 τ=0.95,2025-09-11 20:00:00+00:00,34,35.498,23.476,0
平稳期,分位数 τ=0.95,2025-09-11 20:00:00+00:00,35,35.669,22.175,0
平稳期,分位数 τ=0.95,2025-09-11 20:00:00+00:00,36,36.441,21.124,0
平稳期,分位数 τ=0.95,2025-09-11 20:00:00+00:00,37,37.704,20.472,0
平稳期,分位数 τ=0.95,2025-09-11 20:00:00+00:00,38,39.238,27.514,0
平稳期,分位数 τ=0.95,2025-09-11 20:00:00+00:00,39,40.755,31.444,0
平稳期,分位数 τ=0.95,2025-09-11 20:00:00+00:00,40,41.99,32.447,0
平稳期,分位数 τ=0.95,2025-09-11 20:00:00+00:00,41,42.779,32.713,0
平稳期,分位数 τ=0.95,2025-09-11 20:00:00+00:00,42,43.109,32.816,0
平稳期,分位数 τ=0.95,2025-09-11 20:00:00+00:00,43,43.092,32.801,0
平稳期,分位数 τ=0.95,2025-09-11 20:00:00+00:00,44,42.89,32.639,0
平稳期,分位数 τ=0.95,2025-09-11 20:00:00+00:00,45,42.656,32.397,0
平稳期,分位数 τ=0.95,2025-09-11 20:00:00+00:00,46,42.492,31.971,0
平稳期,分位数 τ=0.95,2025-09-11 20:00:00+00:00,47,42.456,31.365,0
平稳期,分位数 τ=0.95,2025-09-11 20:00:00+00:00,48,42.549,30.64,0
平稳期,分位数 τ=0.95,2025-09-11 20:00:00+00:00,49,42.693,29.872,0
平稳期,分位数 τ=0.95,2025-09-11 20:00:00+00:00,50,42.756,29.22,0
平稳期,分位数 τ=0.95,2025-09-11 20:00:00+00:00,51,42.566,28.788,0
平稳期,分位数 τ=0.95,2025-09-11 20:00:00+00:00,52,41.959,17.798,0
平稳期,分位数 τ=0.95,2025-09-11 20:00:00+00:00,53,40.92,15.443,0
平稳期,分位数 τ=0.95,2025-09-11 20:00:00+00:00,54,39.584,16.776,0
平稳期,分位数 τ=0.95,2025-09-11 20:00:00+00:00,55,38.147,17.439,0
平稳期,分位数 τ=0.95,2025-09-11 20:00:00+00:00,56,36.845,17.496,0
平稳期,分位数 τ=0.95,2025-09-11 20:00:00+00:00,57,35.879,17.788,0
平稳期,分位数 τ=0.95,2025-09-11 20:00:00+00:00,58,35.407,18.565,0
平稳期,分位数 τ=0.95,2025-09-11 20:00:00+00:00,59,35.522,19.388,0
平稳期,分位数 τ=0.95,2025-09-11 20:00:00+00:00,60,36.249,19.968,0
平稳期,分位数 τ=0.95,2025-09-11 20:00:00+00:00,61,37.482,20.809,0
平稳期,分位数 τ=0.95,2025-09-11 20:00:00+00:00,62,38.995,28.177,0
平稳期,分位数 τ=0.95,2025-09-11 20:00:00+00:00,63,40.491,31.239,0
平稳期,分位数 τ=0.95,2025-09-11 20:00:00+00:00,64,41.705,33.233,0
平稳期,分位数 τ=0.95,2025-09-11 20:00:00+00:00,65,42.495,34.762,0
平稳期,分位数 τ=0.95,2025-09-11 20:00:00+00:00,66,42.855,36.117,0
平稳期,分位数 τ=0.95,2025-09-11 20:00:00+00:00,67,42.901,37.421,0
平稳期,分位数 τ=0.95,2025-09-11 20:00:00+00:00,68,42.797,38.527,0
平稳期,分位数 τ=0.95,2025-09-11 20:00:00+00:00,69,42.692,39.306,0
平稳期,分位数 τ=0.95,2025-09-11 20:00:00+00:00,70,42.666,39.841,0
平稳期,分位数 τ=0.95,2025-09-11 20:00:00+00:00,71,42.765,40.162,0
平稳期,分位数 τ=0.95,2025-09-11 20:00:00+00:00,72,42.974,40.301,0
